id,code,role,content,created_at
5,688208,user,写一份建仓计划,2026-06-05 18:42:26.893562+00:00
6,688208,ai,"**建仓计划（仅供分析参考，不构成投资建议）**  

**前提假设**  
当前道通科技（688208）PE仅10.02倍，处于汽车电子行业历史较低分位，但PB为5.06倍（偏高），反映轻资产、高ROE特征。若公司盈利能力持续，当前估值具备安全边际。需关注后续季报验证成长性、行业竞争及汇率风险（海外收入占比高）。  

**仓位与分批策略**  
- **首次试探（1/3仓位）**：若股价回踩28.0-28.5元（前低或20日均线附近），可小仓参与，止损设于26.0元（约-10%）。  
- **加仓机会（再1/3）**：突破29.5-30.0元（短期阻力）且成交量放大，或回调至27.0元附近企稳，可加仓。  
- **最后1/3**：待股价站稳30.5元（技术压力位突破）或公司发布超预期业绩时，再行补充。  

**风险控制**  
- 总仓位不超过个人资产的10%。  
- 若跌破26.0元（对应PE约9倍），说明市场对盈利预期下调，应清仓观望。  
- 关注行业政策（如新能源车渗透率）、海外贸易摩擦（关税/制裁）等系统性风险。  

**止盈目标**  
- 第一目标：32.5-33.0元（近1年高点区域）。  
- 第二目标：若基本面支撑（如净利润增速>20%），可看向36-38元（历史估值中枢上沿）。  

**备选场景**  
- 若股价直接快速拉升（>5%），不追高，等待回调确认后再介入。  
- 若持续阴跌，暂停建仓，待PE跌破9倍或PB低于4.5时再评估。  

⚠️ **风险提示**：以上为基于有限信息的框架性计划，未涵盖技术形态、资金流向及大盘环境。实际投资需结合自身风险承受能力，并严格设置止损。市场有风险，决策须谨慎。",2026-06-05 18:42:34.907070+00:00
7,300197,user,分析近期走势和风险,2026-06-05 19:31:41.871394+00:00
8,300197,ai,"节能铁汉（300197）当前收盘价2.52元，市盈率与市净率均为0.00，这通常表明公司处于亏损状态（每股收益为负）或净资产已接近零甚至为负，基本面存在较大不确定性。

**近期走势分析**：  
股价长期在低位徘徊，缺乏业绩支撑，市场情绪偏弱。若公司无法扭转亏损、改善资产质量，股价可能延续弱势整理甚至进一步下探。

**主要风险**：  
1. **持续亏损风险**：PE显示零或负值，反映盈利能力严重不足，若亏损扩大可能导致ST或退市风险。  
2. **资产减值风险**：PB归零暗示净资产可能已缩水至极低水平，存在大额资产减值的可能。  
3. **流动性风险**：低价股往往成交量低迷，大资金进出困难，散户追高易被套。  
4. **政策依赖风险**：环保行业项目回款周期长、高度依赖政策补贴，若地方财政紧张或行业扶持退坡，经营压力更大。

**提示**：该股属于典型的基本面薄弱品种，投资需高度警惕风险，建议结合最新财报、债务状况及管理层规划进行独立研判。以上内容不构成任何投资建议。",2026-06-05 19:31:48.079071+00:00
9,300197,user,当前持有的话要不要卖,2026-06-06 05:09:14.295030+00:00
10,300197,ai,"该股当前PE和PB均为0，通常说明公司处于**亏损状态**（每股收益为负）或**净资产为负**，基本面存在较大不确定性。环保行业竞争激烈，且股价处于低价区间，若缺乏明确扭亏信号或政策催化，短期风险较高。

**风险提示**：以上分析仅为客观数据解读，不构成操作建议。请结合自身持仓成本、风险承受能力及公司后续公告自行判断，必要时咨询专业机构。",2026-06-06 05:09:18.592449+00:00
