id,pick_date,stock_code,rank,score,signal_tags,risk_level,suggestion
754,2026-05-18,001259,11,10.00,,,
942,2026-06-02,688208,1,-0.36,,,
918,2026-06-02,300775,4,-0.58,,,
905,2026-06-02,002787,11,9.98,,,
947,2026-06-02,688498,24,16.41,,,
924,2026-06-02,301128,26,-2.40,,,
903,2026-06-02,002691,48,-5.01,,,
670,2026-05-28,300979,5,-2.39,,,
653,2026-05-28,001896,12,10.03,,,
674,2026-05-28,301349,29,-2.05,,,
723,2026-05-25,301018,5,-1.51,,,
704,2026-05-25,002008,24,2.83,,,
709,2026-05-25,002501,42,5.33,,,
162,2026-05-19,300166,16,0.86,,,
176,2026-05-19,301609,35,2.47,,,
464,2026-05-14,003019,28,-3.59,,,
484,2026-05-14,603389,48,-0.53,,,
341,2026-05-27,688017,23,2.90,,,
328,2026-05-27,600578,35,10.01,,,
349,2026-05-27,688517,49,-1.47,,,
53,2026-05-21,000725,1,2.19,,,
71,2026-05-21,300779,15,3.95,,,
91,2026-05-21,688146,43,-4.86,,,
864,2026-05-13,300102,12,2.55,,,
866,2026-05-13,300449,34,2.07,,,
432,2026-05-07,603002,12,-5.82,,,
403,2026-05-07,001282,28,-1.94,,,
594,2026-06-03,688208,1,-0.36,,,
588,2026-06-03,601279,28,-1.95,,,
591,2026-06-03,605589,50,0.98,,,
957,2026-06-01,001296,31,-2.01,,,
627,2026-05-29,600162,1,4.36,,,
639,2026-05-29,603272,2,-5.00,,,
621,2026-05-29,300979,5,-2.39,,,
604,2026-05-29,000821,26,-2.87,,,
644,2026-05-29,688017,35,2.90,,,
365,2026-05-26,300613,1,2.19,,,
367,2026-05-26,300936,4,2.88,,,
396,2026-05-26,688218,22,-2.80,,,
364,2026-05-26,300234,40,-1.05,,,
147,2026-05-20,688584,12,2.87,,,
134,2026-05-20,605168,16,1.33,,,
114,2026-05-20,300745,37,12.00,,,
796,2026-05-18,688549,29,2.48,,,
784,2026-05-18,600769,48,0.55,,,
819,2026-05-15,300432,17,-1.67,,,
836,2026-05-15,601016,35,-1.22,,,
19,2026-05-22,301018,14,-1.51,,,
10,2026-05-22,002938,15,-3.21,,,
11,2026-05-22,300123,16,0.85,,,
236,2026-05-12,603843,2,2.16,,,
227,2026-05-12,600550,25,-2.10,,,
202,2026-05-12,002208,33,1.02,,,
250,2026-05-12,688800,50,4.78,,,
251,2026-05-11,000711,16,2.27,,,
279,2026-05-11,600869,34,6.41,,,
506,2026-05-08,002135,16,-1.63,,,
517,2026-05-08,300592,37,-3.25,,,
179,2026-05-19,600487,7,10.00,,,
157,2026-05-19,002384,24,6.19,,,
314,2026-05-27,300478,42,0.74,,,
302,2026-05-27,000903,47,-1.05,,,
330,2026-05-27,600971,32,2.52,,,
423,2026-05-07,301128,5,-2.40,,,
467,2026-05-14,300209,15,5.88,,,
460,2026-05-14,002620,39,-5.02,,,
635,2026-05-29,601888,32,0.19,,,
537,2026-05-08,605178,2,6.40,,,
649,2026-05-29,688498,46,16.41,,,
645,2026-05-29,688089,47,-2.25,,,
854,2026-05-13,000962,19,1.26,,,
849,2026-05-15,688549,6,2.48,,,
913,2026-06-02,300123,16,0.85,,,
944,2026-06-02,688300,42,-9.13,,,
351,2026-05-26,000021,25,3.01,,,
389,2026-05-26,605111,45,4.27,,,
278,2026-05-11,600726,38,5.09,,,
259,2026-05-11,002730,47,3.54,,,
703,2026-05-25,001378,11,-0.15,,,
722,2026-05-25,300975,19,-1.66,,,
750,2026-05-25,688766,29,0.53,,,
741,2026-05-25,688090,43,14.13,,,
199,2026-05-19,688633,4,-1.65,,,
480,2026-05-14,600578,1,10.01,,,
499,2026-05-14,688596,9,-0.94,,,
461,2026-05-14,002691,10,-5.01,,,
451,2026-05-14,001210,34,-2.60,,,
322,2026-05-27,301349,36,-2.05,,,
971,2026-06-01,300775,10,-0.58,,,
988,2026-06-01,603359,11,-3.32,,,
978,2026-06-01,600421,12,-2.86,,,
974,2026-06-01,301092,13,-4.74,,,
986,2026-06-01,603255,15,1.68,,,
975,2026-06-01,301189,16,-5.81,,,
1000,2026-06-01,688819,17,-0.81,,,
989,2026-06-01,603823,18,1.73,,,
972,2026-06-01,300979,19,-2.39,,,
992,2026-06-01,605277,20,-1.43,,,
969,2026-06-01,300605,21,-1.54,,,
993,2026-06-01,688017,23,2.90,,,
991,2026-06-01,603986,25,3.70,,,
984,2026-06-01,600841,26,-1.32,,,
994,2026-06-01,688079,40,12.86,,,
982,2026-06-01,600721,42,-0.27,,,
999,2026-06-01,688700,43,0.85,,,
998,2026-06-01,688308,44,6.80,,,
966,2026-06-01,300201,45,-4.99,,,
983,2026-06-01,600758,46,2.67,,,
985,2026-06-01,601089,47,-1.48,,,
370,2026-05-26,301148,21,0.65,,,
25,2026-05-22,600183,25,0.01,,,
2,2026-05-22,000725,26,2.19,,,
46,2026-05-22,688551,27,2.72,,,
31,2026-05-22,601888,28,0.19,,,
45,2026-05-22,688536,29,7.41,,,
35,2026-05-22,603989,30,-1.89,,,
27,2026-05-22,600725,32,1.52,,,
47,2026-05-22,688619,33,-4.68,,,
20,2026-05-22,301186,34,-1.50,,,
26,2026-05-22,600378,35,-4.05,,,
28,2026-05-22,600782,37,0.00,,,
42,2026-05-22,688228,38,-0.43,,,
36,2026-05-22,605222,39,1.02,,,
23,2026-05-22,301317,40,0.78,,,
12,2026-05-22,300180,41,-0.61,,,
39,2026-05-22,688178,42,-4.25,,,
40,2026-05-22,688191,43,8.72,,,
16,2026-05-22,300819,44,-0.67,,,
4,2026-05-22,001339,45,0.65,,,
15,2026-05-22,300672,47,-3.32,,,
24,2026-05-22,301328,48,2.20,,,
32,2026-05-22,603116,49,-1.62,,,
34,2026-05-22,603601,50,-1.40,,,
72,2026-05-21,300936,3,2.88,,,
74,2026-05-21,301191,5,-1.63,,,
57,2026-05-21,002082,6,-4.98,,,
65,2026-05-21,002938,7,-3.21,,,
56,2026-05-21,001332,8,7.19,,,
6,2026-05-22,002082,1,-4.98,,,
14,2026-05-22,300613,2,2.19,,,
21,2026-05-22,301217,3,3.64,,,
99,2026-05-21,688585,9,3.58,,,
93,2026-05-21,688210,10,-1.90,,,
85,2026-05-21,600707,11,3.27,,,
62,2026-05-21,002645,12,8.86,,,
51,2026-05-21,000582,39,6.12,,,
95,2026-05-21,688381,41,6.39,,,
63,2026-05-21,002647,44,0.31,,,
79,2026-05-21,301322,45,0.53,,,
97,2026-05-21,688502,13,2.25,,,
58,2026-05-21,002379,49,-0.95,,,
427,2026-05-07,600522,16,4.87,,,
408,2026-05-07,002518,40,-1.29,,,
561,2026-06-03,300197,3,19.83,,,
580,2026-06-03,600363,35,7.11,,,
599,2026-06-03,688721,38,0.31,,,
104,2026-05-20,002055,5,-5.01,,,
106,2026-05-20,002379,10,-0.95,,,
101,2026-05-20,000809,18,-2.18,,,
144,2026-05-20,688449,19,1.32,,,
105,2026-05-20,002169,29,2.80,,,
102,2026-05-20,001313,44,-6.06,,,
107,2026-05-20,002418,48,-0.22,,,
761,2026-05-18,002654,16,2.62,,,
780,2026-05-18,600110,36,1.69,,,
799,2026-05-18,688668,43,4.23,,,
18,2026-05-22,300936,4,2.88,,,
22,2026-05-22,301273,5,6.62,,,
48,2026-05-22,688700,6,0.85,,,
50,2026-05-22,688766,7,0.53,,,
9,2026-05-22,002691,8,-5.01,,,
3,2026-05-22,001332,9,7.19,,,
5,2026-05-22,001378,10,-0.15,,,
43,2026-05-22,688359,11,-6.32,,,
44,2026-05-22,688371,12,6.27,,,
7,2026-05-22,002484,13,4.95,,,
8,2026-05-22,002552,17,-2.16,,,
29,2026-05-22,600791,19,10.03,,,
38,2026-05-22,688146,20,-4.86,,,
37,2026-05-22,605376,21,-0.31,,,
41,2026-05-22,688210,22,-1.90,,,
13,2026-05-22,300408,23,0.32,,,
33,2026-05-22,603223,24,-1.11,,,
55,2026-05-21,001259,2,10.00,,,
94,2026-05-21,688218,14,-2.80,,,
69,2026-05-21,300613,17,2.19,,,
87,2026-05-21,601838,20,-0.10,,,
88,2026-05-21,601888,22,0.19,,,
80,2026-05-21,301328,27,2.20,,,
70,2026-05-21,300687,33,-0.74,,,
100,2026-05-21,688686,34,1.75,,,
64,2026-05-21,002762,35,-3.22,,,
61,2026-05-21,002634,37,-1.99,,,
89,2026-05-21,605168,38,1.33,,,
201,2026-05-12,000711,10,2.27,,,
98,2026-05-21,688536,16,7.41,,,
78,2026-05-21,301273,18,6.62,,,
96,2026-05-21,688449,19,1.32,,,
82,2026-05-21,600246,21,9.80,,,
77,2026-05-21,301222,23,-2.15,,,
84,2026-05-21,600584,24,6.34,,,
81,2026-05-21,301502,25,2.09,,,
76,2026-05-21,301217,26,3.64,,,
68,2026-05-21,300139,28,-2.53,,,
73,2026-05-21,300948,29,0.04,,,
54,2026-05-21,001258,30,4.62,,,
83,2026-05-21,600378,31,-4.05,,,
59,2026-05-21,002484,32,4.95,,,
86,2026-05-21,600863,36,0.14,,,
60,2026-05-21,002496,40,-2.71,,,
92,2026-05-21,688170,42,1.23,,,
52,2026-05-21,000656,46,-1.37,,,
66,2026-05-21,300013,47,0.44,,,
75,2026-05-21,301197,48,0.86,,,
90,2026-05-21,688017,50,2.90,,,
133,2026-05-20,603779,1,-3.49,,,
127,2026-05-20,600388,2,-4.05,,,
110,2026-05-20,300123,3,0.85,,,
123,2026-05-20,301322,4,0.53,,,
109,2026-05-20,002645,6,8.86,,,
119,2026-05-20,301139,7,2.10,,,
116,2026-05-20,300936,8,2.88,,,
149,2026-05-20,688633,9,-1.65,,,
140,2026-05-20,688361,11,0.36,,,
148,2026-05-20,688585,13,3.58,,,
131,2026-05-20,603186,14,-2.52,,,
137,2026-05-20,688126,15,2.31,,,
124,2026-05-20,301456,17,-2.63,,,
132,2026-05-20,603618,20,3.57,,,
139,2026-05-20,688275,21,-0.56,,,
121,2026-05-20,301217,22,3.64,,,
128,2026-05-20,600604,23,-2.25,,,
150,2026-05-20,688695,24,-2.25,,,
126,2026-05-20,600339,26,2.52,,,
118,2026-05-20,301018,27,-1.51,,,
138,2026-05-20,688150,28,-3.17,,,
145,2026-05-20,688502,30,2.25,,,
103,2026-05-20,001332,31,7.19,,,
146,2026-05-20,688536,32,7.41,,,
112,2026-05-20,300316,33,3.00,,,
122,2026-05-20,301222,34,-2.15,,,
117,2026-05-20,300990,35,0.89,,,
111,2026-05-20,300166,36,0.86,,,
129,2026-05-20,603022,38,-3.08,,,
130,2026-05-20,603162,39,-1.50,,,
108,2026-05-20,002484,40,4.95,,,
136,2026-05-20,688120,41,1.27,,,
120,2026-05-20,301182,42,-0.17,,,
142,2026-05-20,688409,43,2.40,,,
113,2026-05-20,300616,45,-3.35,,,
143,2026-05-20,688419,47,1.94,,,
135,2026-05-20,688107,49,0.12,,,
115,2026-05-20,300894,50,-3.39,,,
17,2026-05-22,300865,31,-2.34,,,
209,2026-05-12,002787,13,9.98,,,
204,2026-05-12,002518,15,-1.29,,,
207,2026-05-12,002654,16,2.62,,,
211,2026-05-12,002853,21,-1.18,,,
214,2026-05-12,300265,26,-2.04,,,
208,2026-05-12,002785,34,1.47,,,
205,2026-05-12,002569,38,-0.50,,,
203,2026-05-12,002466,39,-0.51,,,
206,2026-05-12,002585,49,-4.37,,,
178,2026-05-19,600388,2,-4.05,,,
185,2026-05-19,603779,3,-3.49,,,
170,2026-05-19,300936,5,2.88,,,
186,2026-05-19,605168,6,1.33,,,
160,2026-05-19,300123,8,0.85,,,
158,2026-05-19,002484,9,4.95,,,
184,2026-05-19,603466,11,2.33,,,
173,2026-05-19,301139,12,2.10,,,
159,2026-05-19,002980,13,9.16,,,
175,2026-05-19,301603,14,-2.42,,,
183,2026-05-19,603162,15,-1.50,,,
195,2026-05-19,688449,18,1.32,,,
155,2026-05-19,001339,19,0.65,,,
163,2026-05-19,300179,20,7.52,,,
166,2026-05-19,300432,21,-1.67,,,
181,2026-05-19,603022,22,-3.08,,,
171,2026-05-19,301018,23,-1.51,,,
167,2026-05-19,300613,25,2.19,,,
174,2026-05-19,301217,26,3.64,,,
192,2026-05-19,688170,27,1.23,,,
190,2026-05-19,688126,28,2.31,,,
191,2026-05-19,688150,29,-3.17,,,
172,2026-05-19,301120,30,2.31,,,
165,2026-05-19,300212,31,-0.53,,,
153,2026-05-19,000988,32,3.44,,,
196,2026-05-19,688515,33,13.59,,,
189,2026-05-19,688099,34,-0.69,,,
177,2026-05-19,600110,36,1.69,,,
198,2026-05-19,688610,37,3.84,,,
156,2026-05-19,002169,38,2.80,,,
197,2026-05-19,688536,39,7.41,,,
182,2026-05-19,603082,40,0.06,,,
168,2026-05-19,300749,41,3.88,,,
164,2026-05-19,300201,42,-4.99,,,
194,2026-05-19,688220,43,0.63,,,
169,2026-05-19,300779,44,3.95,,,
152,2026-05-19,000672,45,1.68,,,
200,2026-05-19,688695,46,-2.25,,,
193,2026-05-19,688210,47,-1.90,,,
188,2026-05-19,688066,48,0.42,,,
187,2026-05-19,688019,50,1.76,,,
67,2026-05-21,300123,4,0.85,,,
154,2026-05-19,001259,1,10.00,,,
215,2026-05-12,300449,1,2.07,,,
217,2026-05-12,300720,4,8.06,,,
226,2026-05-12,600549,5,7.53,,,
222,2026-05-12,301150,6,-1.01,,,
225,2026-05-12,600545,7,-1.37,,,
228,2026-05-12,600726,8,5.09,,,
248,2026-05-12,688699,9,-0.94,,,
224,2026-05-12,600312,11,-2.71,,,
216,2026-05-12,300626,12,0.93,,,
242,2026-05-12,688150,14,-3.17,,,
212,2026-05-12,300102,17,2.55,,,
244,2026-05-12,688256,18,6.01,,,
240,2026-05-12,688120,19,1.27,,,
241,2026-05-12,688146,20,-4.86,,,
237,2026-05-12,603938,22,10.01,,,
221,2026-05-12,301119,23,-1.03,,,
218,2026-05-12,300821,24,10.42,,,
245,2026-05-12,688275,27,-0.56,,,
219,2026-05-12,300983,28,2.31,,,
229,2026-05-12,601168,30,-0.64,,,
233,2026-05-12,603773,31,-2.61,,,
220,2026-05-12,301093,32,11.19,,,
231,2026-05-12,603389,35,-0.53,,,
234,2026-05-12,603803,36,-0.15,,,
239,2026-05-12,688019,37,1.76,,,
223,2026-05-12,600076,41,0.27,,,
243,2026-05-12,688167,42,8.23,,,
238,2026-05-12,605068,43,-0.45,,,
246,2026-05-12,688307,44,5.47,,,
210,2026-05-12,002845,45,-0.46,,,
235,2026-05-12,603816,46,-0.31,,,
247,2026-05-12,688663,47,5.21,,,
232,2026-05-12,603466,48,2.33,,,
258,2026-05-11,002629,1,-1.81,,,
306,2026-05-27,002082,3,-4.98,,,
318,2026-05-27,300936,5,2.88,,,
320,2026-05-27,300979,7,-2.39,,,
316,2026-05-27,300715,8,5.29,,,
309,2026-05-27,002875,10,9.98,,,
313,2026-05-27,300386,13,-1.28,,,
319,2026-05-27,300942,14,-1.94,,,
329,2026-05-27,600956,15,-1.22,,,
308,2026-05-27,002726,16,-4.52,,,
336,2026-05-27,603778,17,1.31,,,
310,2026-05-27,002881,18,-5.92,,,
331,2026-05-27,600982,19,5.49,,,
347,2026-05-27,688368,20,-1.82,,,
334,2026-05-27,603165,21,-2.26,,,
345,2026-05-27,688178,22,-4.25,,,
305,2026-05-27,001313,25,-6.06,,,
325,2026-05-27,600228,27,-3.77,,,
350,2026-05-27,688700,29,0.85,,,
342,2026-05-27,688109,30,-1.89,,,
340,2026-05-27,688003,31,13.80,,,
343,2026-05-27,688120,34,1.27,,,
303,2026-05-27,001215,37,-0.38,,,
339,2026-05-27,605111,38,4.27,,,
304,2026-05-27,001258,39,4.62,,,
307,2026-05-27,002373,40,-1.52,,,
312,2026-05-27,300301,41,2.38,,,
317,2026-05-27,300926,43,-0.05,,,
327,2026-05-27,600491,44,-2.84,,,
323,2026-05-27,301357,45,2.15,,,
326,2026-05-27,600246,46,9.80,,,
321,2026-05-27,301309,48,-1.81,,,
348,2026-05-27,688381,50,6.39,,,
141,2026-05-20,688401,46,-6.49,,,
277,2026-05-11,600545,2,-1.37,,,
275,2026-05-11,600234,3,0.90,,,
271,2026-05-11,301319,4,1.75,,,
269,2026-05-11,300997,5,1.24,,,
299,2026-05-11,688699,6,-0.94,,,
284,2026-05-11,603332,7,0.99,,,
282,2026-05-11,603269,8,1.13,,,
295,2026-05-11,688536,9,7.41,,,
266,2026-05-11,300604,10,3.19,,,
281,2026-05-11,603256,11,-0.72,,,
264,2026-05-11,300433,12,7.66,,,
280,2026-05-11,601991,13,-0.87,,,
291,2026-05-11,688112,14,13.26,,,
296,2026-05-11,688627,15,2.10,,,
290,2026-05-11,688096,18,0.39,,,
293,2026-05-11,688167,19,8.23,,,
300,2026-05-11,688766,20,0.53,,,
292,2026-05-11,688147,21,3.58,,,
263,2026-05-11,300351,22,1.46,,,
276,2026-05-11,600259,23,5.20,,,
286,2026-05-11,603843,24,2.16,,,
255,2026-05-11,002066,25,-2.41,,,
294,2026-05-11,688256,26,6.01,,,
257,2026-05-11,002518,27,-1.29,,,
287,2026-05-11,603938,28,10.01,,,
285,2026-05-11,603773,29,-2.61,,,
273,2026-05-11,600053,30,-4.33,,,
265,2026-05-11,300480,31,1.62,,,
270,2026-05-11,301119,32,-1.03,,,
289,2026-05-11,688072,33,3.27,,,
268,2026-05-11,300983,35,2.31,,,
254,2026-05-11,001287,36,-0.15,,,
283,2026-05-11,603279,37,-2.65,,,
253,2026-05-11,001282,39,-1.94,,,
298,2026-05-11,688679,40,0.47,,,
252,2026-05-11,001211,41,-1.53,,,
261,2026-05-11,300084,42,0.59,,,
256,2026-05-11,002350,43,-2.04,,,
274,2026-05-11,600078,44,10.01,,,
288,2026-05-11,605167,45,-2.39,,,
262,2026-05-11,300212,46,-0.53,,,
272,2026-05-11,301381,48,-2.76,,,
260,2026-05-11,002837,49,1.23,,,
267,2026-05-11,300619,50,-0.34,,,
315,2026-05-27,300613,2,2.19,,,
356,2026-05-26,002082,3,-4.98,,,
397,2026-05-26,688308,5,6.80,,,
394,2026-05-26,688170,6,1.23,,,
379,2026-05-26,600725,7,1.52,,,
399,2026-05-26,688371,8,6.27,,,
393,2026-05-26,688120,9,1.27,,,
363,2026-05-26,300085,10,-15.51,,,
383,2026-05-26,601888,11,0.19,,,
380,2026-05-26,600900,12,-0.25,,,
382,2026-05-26,601595,13,-3.73,,,
375,2026-05-26,600162,14,4.36,,,
360,2026-05-26,002691,15,-5.01,,,
395,2026-05-26,688210,16,-1.90,,,
366,2026-05-26,300715,17,5.29,,,
377,2026-05-26,600246,18,9.80,,,
376,2026-05-26,600183,19,0.01,,,
358,2026-05-26,002484,20,4.95,,,
374,2026-05-26,600023,23,0.47,,,
361,2026-05-26,002815,24,3.03,,,
352,2026-05-26,000962,26,1.26,,,
381,2026-05-26,600971,27,2.52,,,
390,2026-05-26,688017,28,2.90,,,
391,2026-05-26,688082,29,12.39,,,
386,2026-05-26,603286,30,-0.48,,,
388,2026-05-26,605055,31,-1.83,,,
371,2026-05-26,301186,32,-1.50,,,
353,2026-05-26,001286,33,-1.07,,,
387,2026-05-26,603823,34,1.73,,,
368,2026-05-26,300941,35,-1.56,,,
400,2026-05-26,688757,36,-1.88,,,
357,2026-05-26,002432,37,1.18,,,
362,2026-05-26,002831,38,-0.02,,,
392,2026-05-26,688109,39,-1.89,,,
373,2026-05-26,301587,41,0.62,,,
378,2026-05-26,600491,42,-2.84,,,
369,2026-05-26,300996,43,-3.34,,,
372,2026-05-26,301312,44,-3.95,,,
398,2026-05-26,688315,46,-2.13,,,
355,2026-05-26,002055,47,-5.01,,,
359,2026-05-26,002628,48,1.59,,,
354,2026-05-26,001313,49,-6.06,,,
384,2026-05-26,603186,50,-2.52,,,
508,2026-05-08,002317,1,-2.27,,,
346,2026-05-27,688308,4,6.80,,,
335,2026-05-27,603256,6,-0.72,,,
338,2026-05-27,603989,9,-1.89,,,
337,2026-05-27,603823,11,1.73,,,
333,2026-05-27,601888,12,0.19,,,
344,2026-05-27,688170,28,1.23,,,
420,2026-05-07,300807,1,-3.26,,,
453,2026-05-14,001267,11,5.46,,,
458,2026-05-14,002547,12,-2.93,,,
482,2026-05-14,601869,13,8.87,,,
456,2026-05-14,002514,14,-5.00,,,
472,2026-05-14,300560,17,0.16,,,
495,2026-05-14,688478,18,0.57,,,
488,2026-05-14,605389,19,2.32,,,
473,2026-05-14,300757,20,5.70,,,
497,2026-05-14,688531,21,2.72,,,
486,2026-05-14,603936,22,-1.90,,,
493,2026-05-14,688300,23,-9.13,,,
500,2026-05-14,688693,24,3.12,,,
462,2026-05-14,002816,25,-0.96,,,
468,2026-05-14,300285,26,3.46,,,
496,2026-05-14,688525,27,3.49,,,
492,2026-05-14,688234,30,1.05,,,
470,2026-05-14,300352,31,-4.76,,,
475,2026-05-14,300983,32,2.31,,,
455,2026-05-14,002501,33,5.33,,,
478,2026-05-14,600409,35,0.63,,,
485,2026-05-14,603903,36,-0.80,,,
481,2026-05-14,600769,37,0.55,,,
457,2026-05-14,002531,38,-0.47,,,
465,2026-05-14,300042,40,2.72,,,
459,2026-05-14,002569,41,-0.50,,,
479,2026-05-14,600497,42,2.99,,,
469,2026-05-14,300323,43,8.66,,,
476,2026-05-14,301093,44,11.19,,,
487,2026-05-14,603993,45,0.76,,,
491,2026-05-14,688208,46,-0.36,,,
477,2026-05-14,301338,47,-3.71,,,
498,2026-05-14,688549,49,2.48,,,
471,2026-05-14,300555,50,-2.00,,,
324,2026-05-27,600162,1,4.36,,,
512,2026-05-08,300081,4,0.92,,,
413,2026-05-07,300081,4,0.92,,,
429,2026-05-07,600726,6,5.09,,,
425,2026-05-07,301169,7,-1.35,,,
442,2026-05-07,688158,10,-0.97,,,
410,2026-05-07,002810,15,-1.64,,,
426,2026-05-07,301500,17,-0.93,,,
424,2026-05-07,301150,19,-1.01,,,
406,2026-05-07,002235,22,0.68,,,
401,2026-05-07,000711,25,2.27,,,
428,2026-05-07,600683,26,9.99,,,
409,2026-05-07,002730,27,3.54,,,
415,2026-05-07,300302,29,17.59,,,
417,2026-05-07,300480,31,1.62,,,
416,2026-05-07,300400,33,-2.16,,,
405,2026-05-07,002122,34,-2.89,,,
402,2026-05-07,000995,36,-1.01,,,
411,2026-05-07,002910,37,-2.76,,,
407,2026-05-07,002253,38,-3.17,,,
414,2026-05-07,300161,39,-0.19,,,
418,2026-05-07,300539,41,-1.15,,,
412,2026-05-07,002975,42,-0.39,,,
419,2026-05-07,300806,44,0.88,,,
422,2026-05-07,301093,46,11.19,,,
404,2026-05-07,001288,47,-1.55,,,
421,2026-05-07,300878,50,-1.81,,,
385,2026-05-26,603256,2,-0.72,,,
474,2026-05-14,300779,7,3.95,,,
620,2026-05-29,300854,4,-3.92,,,
617,2026-05-29,300715,8,5.29,,,
613,2026-05-29,300394,9,8.84,,,
615,2026-05-29,300478,10,0.74,,,
641,2026-05-29,603359,11,-3.32,,,
614,2026-05-29,300430,12,-5.29,,,
632,2026-05-29,600745,13,-5.00,,,
607,2026-05-29,002082,15,-4.98,,,
642,2026-05-29,603931,16,-1.82,,,
610,2026-05-29,002832,17,-1.97,,,
623,2026-05-29,301349,18,-2.05,,,
602,2026-05-29,000610,20,-0.39,,,
619,2026-05-29,300775,21,-0.58,,,
609,2026-05-29,002384,22,6.19,,,
626,2026-05-29,600023,23,0.47,,,
616,2026-05-29,300551,24,-0.87,,,
633,2026-05-29,600995,25,4.62,,,
622,2026-05-29,301189,27,-5.81,,,
636,2026-05-29,601916,28,-0.33,,,
631,2026-05-29,600736,30,1.70,,,
637,2026-05-29,603165,31,-2.26,,,
624,2026-05-29,301373,33,-7.09,,,
612,2026-05-29,300317,34,-0.35,,,
629,2026-05-29,600714,36,3.15,,,
638,2026-05-29,603256,37,-0.72,,,
608,2026-05-29,002278,38,0.90,,,
625,2026-05-29,301439,40,3.42,,,
640,2026-05-29,603313,41,-2.66,,,
628,2026-05-29,600187,44,4.76,,,
605,2026-05-29,001389,45,-1.94,,,
603,2026-05-29,000735,48,-0.92,,,
618,2026-05-29,300723,49,1.89,,,
634,2026-05-29,601868,50,-0.35,,,
525,2026-05-08,600545,3,-1.37,,,
563,2026-06-03,300394,5,8.84,,,
557,2026-06-03,002645,6,8.86,,,
558,2026-06-03,002887,10,0.89,,,
569,2026-06-03,300680,11,-1.89,,,
583,2026-06-03,600699,12,2.20,,,
573,2026-06-03,300775,13,-0.58,,,
590,2026-06-03,603986,15,3.70,,,
559,2026-06-03,002951,19,5.62,,,
587,2026-06-03,601089,24,-1.48,,,
556,2026-06-03,002384,31,6.19,,,
552,2026-06-03,000058,37,1.40,,,
576,2026-06-03,301071,43,5.53,,,
554,2026-06-03,000809,45,-2.18,,,
570,2026-06-03,300715,46,5.29,,,
597,2026-06-03,688371,49,6.27,,,
606,2026-05-29,001896,3,10.03,,,
452,2026-05-14,001259,3,10.00,,,
463,2026-05-14,002837,4,1.23,,,
466,2026-05-14,300179,5,7.52,,,
489,2026-05-14,688019,6,1.76,,,
454,2026-05-14,002432,8,1.18,,,
494,2026-05-14,688368,16,-1.82,,,
490,2026-05-14,688167,29,8.23,,,
450,2026-05-07,688766,2,0.53,,,
502,2026-05-08,000711,5,2.27,,,
511,2026-05-08,003001,8,-1.86,,,
519,2026-05-08,300642,10,-2.39,,,
515,2026-05-08,300250,11,-1.30,,,
516,2026-05-08,300581,13,0.09,,,
530,2026-05-08,601588,14,0.48,,,
524,2026-05-08,600498,15,5.09,,,
504,2026-05-08,001282,17,-1.94,,,
541,2026-05-08,688184,19,-0.62,,,
531,2026-05-08,601869,22,8.87,,,
510,2026-05-08,002730,24,3.54,,,
548,2026-05-08,688545,25,5.05,,,
503,2026-05-08,001267,26,5.46,,,
538,2026-05-08,688027,27,6.28,,,
505,2026-05-08,001336,28,-1.88,,,
546,2026-05-08,688523,29,3.58,,,
522,2026-05-08,301550,30,2.20,,,
534,2026-05-08,603083,31,6.72,,,
528,2026-05-08,600984,32,-2.25,,,
520,2026-05-08,300836,33,-1.72,,,
545,2026-05-08,688506,34,-0.08,,,
532,2026-05-08,603009,35,1.86,,,
533,2026-05-08,603050,36,-6.80,,,
527,2026-05-08,600800,38,-0.77,,,
509,2026-05-08,002429,39,3.24,,,
540,2026-05-08,688147,40,3.58,,,
526,2026-05-08,600726,41,5.09,,,
507,2026-05-08,002203,42,4.19,,,
501,2026-05-08,000630,43,-0.14,,,
514,2026-05-08,300096,44,0.56,,,
513,2026-05-08,300084,45,0.59,,,
535,2026-05-08,603117,46,-3.44,,,
521,2026-05-08,301026,47,3.16,,,
543,2026-05-08,688239,48,-0.47,,,
523,2026-05-08,600208,49,-2.34,,,
529,2026-05-08,601126,50,-0.21,,,
434,2026-05-07,603115,8,-4.00,,,
431,2026-05-07,601991,9,-0.87,,,
446,2026-05-07,688256,13,6.01,,,
441,2026-05-07,688147,14,3.58,,,
433,2026-05-07,603050,18,-6.80,,,
444,2026-05-07,688172,20,2.43,,,
439,2026-05-07,688003,21,13.80,,,
435,2026-05-07,603618,23,3.57,,,
443,2026-05-07,688162,24,-1.95,,,
447,2026-05-07,688308,30,6.80,,,
437,2026-05-07,603936,32,-1.90,,,
448,2026-05-07,688313,35,9.29,,,
438,2026-05-07,605287,43,2.29,,,
445,2026-05-07,688175,45,-3.19,,,
436,2026-05-07,603688,48,3.24,,,
440,2026-05-07,688081,49,-2.66,,,
584,2026-06-03,600714,4,3.15,,,
483,2026-05-14,603007,2,-0.81,,,
648,2026-05-29,688323,29,1.36,,,
650,2026-05-29,688519,43,-4.28,,,
539,2026-05-08,688096,6,0.39,,,
565,2026-06-03,300427,7,7.95,,,
562,2026-06-03,300285,8,3.46,,,
592,2026-06-03,688068,9,2.22,,,
555,2026-06-03,001896,14,10.03,,,
568,2026-06-03,300667,16,16.19,,,
585,2026-06-03,600745,17,-5.00,,,
571,2026-06-03,300726,18,2.10,,,
575,2026-06-03,301007,20,-2.61,,,
595,2026-06-03,688236,21,-1.32,,,
596,2026-06-03,688309,22,0.09,,,
586,2026-06-03,600759,23,-1.97,,,
567,2026-06-03,300604,25,3.19,,,
553,2026-06-03,000600,26,7.51,,,
589,2026-06-03,603185,27,0.28,,,
581,2026-06-03,600487,29,10.00,,,
566,2026-06-03,300553,30,0.13,,,
574,2026-06-03,300986,32,-0.79,,,
578,2026-06-03,600255,33,10.03,,,
572,2026-06-03,300757,34,5.70,,,
577,2026-06-03,301228,36,3.20,,,
598,2026-06-03,688375,39,2.24,,,
551,2026-06-03,000017,40,-1.83,,,
560,2026-06-03,300165,41,-0.81,,,
582,2026-06-03,600599,42,-1.96,,,
564,2026-06-03,300402,44,5.36,,,
593,2026-06-03,688126,47,2.31,,,
600,2026-06-03,688819,48,-0.81,,,
647,2026-05-29,688301,14,-0.87,,,
744,2026-05-25,688170,2,1.23,,,
737,2026-05-25,603256,3,-0.72,,,
732,2026-05-25,600714,6,3.15,,,
720,2026-05-25,300868,7,7.66,,,
727,2026-05-25,301312,8,-3.95,,,
746,2026-05-25,688308,9,6.80,,,
748,2026-05-25,688379,10,1.56,,,
734,2026-05-25,600828,12,-1.96,,,
708,2026-05-25,002484,13,4.95,,,
730,2026-05-25,600032,14,4.67,,,
745,2026-05-25,688228,15,-0.43,,,
713,2026-05-25,002947,16,-3.13,,,
731,2026-05-25,600226,17,0.33,,,
717,2026-05-25,300567,18,0.80,,,
710,2026-05-25,002552,20,-2.16,,,
740,2026-05-25,688072,21,3.27,,,
719,2026-05-25,300854,22,-3.92,,,
705,2026-05-25,002056,23,7.17,,,
721,2026-05-25,300936,25,2.88,,,
728,2026-05-25,301328,26,2.20,,,
725,2026-05-25,301189,27,-5.81,,,
711,2026-05-25,002645,28,8.86,,,
701,2026-05-25,000899,30,4.60,,,
716,2026-05-25,300475,31,1.08,,,
742,2026-05-25,688109,32,-1.89,,,
729,2026-05-25,301587,33,0.62,,,
743,2026-05-25,688168,34,3.23,,,
718,2026-05-25,300626,35,0.93,,,
733,2026-05-25,600791,36,10.03,,,
739,2026-05-25,688012,37,1.10,,,
724,2026-05-25,301115,38,20.01,,,
735,2026-05-25,600863,39,0.14,,,
726,2026-05-25,301273,40,6.62,,,
749,2026-05-25,688536,41,7.41,,,
736,2026-05-25,603186,44,-2.52,,,
738,2026-05-25,605055,45,-1.83,,,
702,2026-05-25,000962,46,1.26,,,
712,2026-05-25,002927,47,-2.86,,,
707,2026-05-25,002421,48,-1.81,,,
714,2026-05-25,002951,49,5.62,,,
715,2026-05-25,300041,50,-1.01,,,
579,2026-06-03,600265,2,5.01,,,
536,2026-05-08,603332,7,0.99,,,
550,2026-05-08,688766,9,0.53,,,
544,2026-05-08,688387,12,3.69,,,
549,2026-05-08,688628,18,1.85,,,
547,2026-05-08,688525,21,3.49,,,
664,2026-05-28,300394,3,8.84,,,
697,2026-05-28,688301,4,-0.87,,,
681,2026-05-28,603256,6,-0.72,,,
696,2026-05-28,688218,7,-2.80,,,
654,2026-05-28,002082,8,-4.98,,,
659,2026-05-28,002726,10,-4.52,,,
682,2026-05-28,603359,11,-3.32,,,
667,2026-05-28,300715,13,5.29,,,
660,2026-05-28,002875,14,9.98,,,
679,2026-05-28,601888,15,0.19,,,
694,2026-05-28,688170,17,1.23,,,
690,2026-05-28,688107,18,0.12,,,
684,2026-05-28,603823,19,1.73,,,
662,2026-05-28,300171,20,-2.74,,,
666,2026-05-28,300613,21,2.19,,,
687,2026-05-28,605589,24,0.98,,,
652,2026-05-28,000821,25,-2.87,,,
675,2026-05-28,301360,26,0.30,,,
665,2026-05-28,300478,31,0.74,,,
676,2026-05-28,301566,33,3.24,,,
651,2026-05-28,000509,35,-5.05,,,
686,2026-05-28,605298,38,-2.09,,,
689,2026-05-28,688052,39,1.52,,,
656,2026-05-28,002534,40,-1.61,,,
698,2026-05-28,688308,41,6.80,,,
671,2026-05-28,301165,42,4.14,,,
655,2026-05-28,002278,43,0.90,,,
685,2026-05-28,605111,45,4.27,,,
673,2026-05-28,301196,47,5.16,,,
657,2026-05-28,002639,48,0.83,,,
669,2026-05-28,300942,49,-1.94,,,
695,2026-05-28,688172,50,2.43,,,
706,2026-05-25,002082,1,-4.98,,,
668,2026-05-28,300936,2,2.88,,,
932,2026-06-02,603186,22,-2.52,,,
923,2026-06-02,301110,28,-4.68,,,
933,2026-06-02,603203,32,-2.77,,,
936,2026-06-02,603359,39,-3.32,,,
904,2026-06-02,002726,45,-4.52,,,
677,2026-05-28,600172,1,8.20,,,
783,2026-05-18,600578,1,10.01,,,
852,2026-05-13,000711,8,2.27,,,
792,2026-05-18,688167,2,8.23,,,
767,2026-05-18,300432,3,-1.67,,,
798,2026-05-18,688633,4,-1.65,,,
766,2026-05-18,300259,5,-5.75,,,
781,2026-05-18,600381,6,5.01,,,
800,2026-05-18,688800,7,4.78,,,
788,2026-05-18,603739,8,-2.17,,,
763,2026-05-18,002980,9,9.16,,,
756,2026-05-18,001339,10,0.65,,,
772,2026-05-18,300863,12,2.40,,,
789,2026-05-18,605168,13,1.33,,,
786,2026-05-18,600903,14,-3.84,,,
765,2026-05-18,300209,15,5.88,,,
753,2026-05-18,000962,17,1.26,,,
762,2026-05-18,002927,18,-2.86,,,
764,2026-05-18,300136,19,3.95,,,
793,2026-05-18,688191,20,8.72,,,
769,2026-05-18,300626,21,0.93,,,
755,2026-05-18,001267,22,5.46,,,
758,2026-05-18,002484,23,4.95,,,
777,2026-05-18,301387,24,2.54,,,
794,2026-05-18,688350,25,-1.47,,,
795,2026-05-18,688478,26,0.57,,,
759,2026-05-18,002518,27,-1.29,,,
771,2026-05-18,300806,28,0.88,,,
787,2026-05-18,603336,30,-0.21,,,
785,2026-05-18,600875,31,1.03,,,
779,2026-05-18,301629,32,2.64,,,
776,2026-05-18,301377,33,11.75,,,
797,2026-05-18,688628,34,1.85,,,
774,2026-05-18,301235,35,6.52,,,
757,2026-05-18,002432,37,1.18,,,
790,2026-05-18,688107,38,0.12,,,
760,2026-05-18,002645,39,8.86,,,
778,2026-05-18,301489,40,-9.06,,,
768,2026-05-18,300478,41,0.74,,,
770,2026-05-18,300687,42,-0.74,,,
773,2026-05-18,301217,44,3.64,,,
751,2026-05-18,000668,45,2.02,,,
775,2026-05-18,301361,46,-3.44,,,
791,2026-05-18,688150,47,-3.17,,,
752,2026-05-18,000672,49,1.68,,,
782,2026-05-18,600500,50,-4.78,,,
804,2026-05-15,001259,1,10.00,,,
837,2026-05-15,601678,2,0.90,,,
847,2026-05-15,688478,3,0.57,,,
811,2026-05-15,002816,4,-0.96,,,
844,2026-05-15,688167,5,8.23,,,
823,2026-05-15,300757,7,5.70,,,
826,2026-05-15,300983,8,2.31,,,
815,2026-05-15,300209,9,5.88,,,
818,2026-05-15,300352,10,-4.76,,,
807,2026-05-15,002432,11,1.18,,,
822,2026-05-15,300721,13,2.38,,,
833,2026-05-15,600381,14,5.01,,,
825,2026-05-15,300831,15,-1.92,,,
834,2026-05-15,600791,16,10.03,,,
806,2026-05-15,002047,18,-2.90,,,
838,2026-05-15,603269,19,1.13,,,
828,2026-05-15,301216,20,1.99,,,
816,2026-05-15,300247,22,0.00,,,
827,2026-05-15,301182,23,-0.17,,,
820,2026-05-15,300651,24,-0.29,,,
802,2026-05-15,000668,25,2.02,,,
841,2026-05-15,605299,26,-0.86,,,
845,2026-05-15,688216,27,0.81,,,
821,2026-05-15,300681,28,4.72,,,
809,2026-05-15,002547,29,-2.93,,,
842,2026-05-15,688012,30,1.10,,,
843,2026-05-15,688107,31,0.12,,,
831,2026-05-15,301629,32,2.64,,,
817,2026-05-15,300259,33,-5.75,,,
846,2026-05-15,688291,34,4.24,,,
835,2026-05-15,600984,36,-2.25,,,
805,2026-05-15,001266,37,0.49,,,
814,2026-05-15,300159,38,-2.12,,,
812,2026-05-15,002825,39,0.79,,,
839,2026-05-15,603778,40,1.31,,,
813,2026-05-15,003019,41,-3.59,,,
850,2026-05-15,688697,42,0.10,,,
840,2026-05-15,603897,43,0.67,,,
808,2026-05-15,002484,44,4.95,,,
830,2026-05-15,301377,45,11.75,,,
801,2026-05-15,000151,46,2.14,,,
803,2026-05-15,000672,47,1.68,,,
824,2026-05-15,300816,49,-2.00,,,
832,2026-05-15,600156,50,-4.43,,,
688,2026-05-28,688006,9,-2.22,,,
700,2026-05-28,688519,22,-4.28,,,
693,2026-05-28,688126,23,2.31,,,
683,2026-05-28,603577,27,-3.02,,,
692,2026-05-28,688112,28,13.26,,,
691,2026-05-28,688109,30,-1.89,,,
678,2026-05-28,600777,34,5.04,,,
663,2026-05-28,300308,36,6.98,,,
658,2026-05-28,002691,44,-5.01,,,
672,2026-05-28,301176,46,-2.88,,,
747,2026-05-25,688371,4,6.27,,,
856,2026-05-13,002432,13,1.18,,,
855,2026-05-13,001282,29,-1.94,,,
851,2026-05-13,000021,36,3.01,,,
853,2026-05-13,000925,44,1.92,,,
646,2026-05-29,688109,6,-1.89,,,
946,2026-06-02,688383,15,1.45,,,
949,2026-06-02,688700,3,0.85,,,
915,2026-06-02,300285,5,3.46,,,
901,2026-06-02,000821,6,-2.87,,,
935,2026-06-02,603272,7,-5.00,,,
920,2026-06-02,300965,8,-2.13,,,
917,2026-06-02,300680,9,-1.89,,,
912,2026-06-02,002951,10,5.62,,,
922,2026-06-02,301007,12,-2.61,,,
927,2026-06-02,600265,13,5.01,,,
945,2026-06-02,688308,14,6.80,,,
930,2026-06-02,603002,17,-5.82,,,
948,2026-06-02,688691,18,1.08,,,
910,2026-06-02,002905,19,-2.47,,,
916,2026-06-02,300502,20,4.72,,,
919,2026-06-02,300854,21,-3.92,,,
914,2026-06-02,300165,23,-0.81,,,
902,2026-06-02,002373,25,-1.52,,,
907,2026-06-02,002831,27,-0.02,,,
929,2026-06-02,601089,29,-1.48,,,
950,2026-06-02,688819,30,-0.81,,,
937,2026-06-02,603823,31,1.73,,,
940,2026-06-02,605589,33,0.98,,,
909,2026-06-02,002887,34,0.89,,,
941,2026-06-02,688109,35,-1.89,,,
926,2026-06-02,600187,36,4.76,,,
906,2026-06-02,002798,37,-3.97,,,
921,2026-06-02,300986,38,-0.79,,,
908,2026-06-02,002859,40,7.86,,,
943,2026-06-02,688229,41,-1.59,,,
939,2026-06-02,605376,43,-0.31,,,
925,2026-06-02,301228,44,3.20,,,
911,2026-06-02,002938,46,-3.21,,,
938,2026-06-02,603938,47,10.01,,,
928,2026-06-02,600745,49,-5.00,,,
931,2026-06-02,603112,50,0.00,,,
151,2026-05-19,000582,10,6.12,,,
956,2026-06-01,000821,2,-2.87,,,
981,2026-06-01,600696,3,3.28,,,
968,2026-06-01,300478,4,0.74,,,
987,2026-06-01,603272,5,-5.00,,,
954,2026-06-01,000722,6,3.54,,,
952,2026-06-01,000610,7,-0.39,,,
958,2026-06-01,002278,14,0.90,,,
953,2026-06-01,000691,22,2.87,,,
960,2026-06-01,002787,24,9.98,,,
964,2026-06-01,300123,27,0.85,,,
973,2026-06-01,300986,28,-0.79,,,
977,2026-06-01,600265,29,5.01,,,
970,2026-06-01,300703,30,-1.58,,,
979,2026-06-01,600509,32,-0.96,,,
976,2026-06-01,600027,33,-0.18,,,
996,2026-06-01,688196,34,-2.51,,,
961,2026-06-01,002798,35,-3.97,,,
963,2026-06-01,300051,36,-2.13,,,
967,2026-06-01,300225,37,-4.85,,,
980,2026-06-01,600599,38,-1.96,,,
955,2026-06-01,000792,39,-0.36,,,
959,2026-06-01,002649,41,-4.60,,,
951,2026-06-01,000056,48,1.83,,,
990,2026-06-01,603958,49,0.05,,,
962,2026-06-01,002887,50,0.89,,,
630,2026-05-29,600726,7,5.09,,,
643,2026-05-29,603938,19,10.01,,,
611,2026-05-29,300137,39,-1.06,,,
601,2026-05-29,000056,42,1.83,,,
30,2026-05-22,601838,18,-0.10,,,
1,2026-05-22,000636,36,1.05,,,
49,2026-05-22,688719,46,11.57,,,
878,2026-05-13,601991,1,-0.87,,,
161,2026-05-19,300136,17,3.95,,,
180,2026-05-19,600863,49,0.14,,,
311,2026-05-27,300171,24,-2.74,,,
879,2026-05-13,603007,2,-0.81,,,
875,2026-05-13,600549,3,7.53,,,
893,2026-05-13,688307,4,5.47,,,
881,2026-05-13,603115,5,-4.00,,,
890,2026-05-13,688167,6,8.23,,,
884,2026-05-13,605168,9,1.33,,,
876,2026-05-13,600726,10,5.09,,,
882,2026-05-13,603389,11,-0.53,,,
871,2026-05-13,301109,14,-2.31,,,
889,2026-05-13,688147,15,3.58,,,
886,2026-05-13,688096,16,0.39,,,
857,2026-05-13,002547,17,-2.93,,,
865,2026-05-13,300285,18,3.46,,,
888,2026-05-13,688146,20,-4.86,,,
896,2026-05-13,688525,21,3.49,,,
897,2026-05-13,688652,23,0.66,,,
868,2026-05-13,300604,25,3.19,,,
885,2026-05-13,688019,26,1.76,,,
869,2026-05-13,300951,27,3.27,,,
883,2026-05-13,603688,28,3.24,,,
858,2026-05-13,002730,30,3.54,,,
870,2026-05-13,301093,31,11.19,,,
860,2026-05-13,002805,32,-0.24,,,
863,2026-05-13,300042,33,2.72,,,
894,2026-05-13,688433,35,1.26,,,
895,2026-05-13,688510,37,0.08,,,
877,2026-05-13,601869,38,8.87,,,
867,2026-05-13,300476,39,1.25,,,
891,2026-05-13,688256,40,6.01,,,
898,2026-05-13,688693,41,3.12,,,
887,2026-05-13,688120,42,1.27,,,
892,2026-05-13,688257,43,2.09,,,
862,2026-05-13,002938,45,-3.21,,,
900,2026-05-13,688720,46,3.79,,,
872,2026-05-13,301119,47,-1.03,,,
873,2026-05-13,301128,48,-2.40,,,
859,2026-05-13,002752,49,-1.36,,,
874,2026-05-13,301150,50,-1.01,,,
997,2026-06-01,688208,1,-0.36,,,
934,2026-06-02,603255,2,1.68,,,
680,2026-05-28,603165,16,-2.26,,,
661,2026-05-28,300050,32,-1.64,,,
699,2026-05-28,688313,37,9.29,,,
332,2026-05-27,601330,26,-2.16,,,
301,2026-05-27,000021,33,3.01,,,
899,2026-05-13,688699,7,-0.94,,,
861,2026-05-13,002837,22,1.23,,,
880,2026-05-13,603070,24,-4.19,,,
430,2026-05-07,601566,3,-0.98,,,
449,2026-05-07,688387,11,3.69,,,
965,2026-06-01,300165,8,-0.81,,,
995,2026-06-01,688109,9,-1.89,,,
125,2026-05-20,600246,25,9.80,,,
810,2026-05-15,002730,12,3.54,,,
848,2026-05-15,688531,21,2.72,,,
829,2026-05-15,301280,48,4.57,,,
230,2026-05-12,601991,3,-0.87,,,
249,2026-05-12,688793,29,-1.93,,,
213,2026-05-12,300260,40,0.69,,,
297,2026-05-11,688630,17,3.74,,,
542,2026-05-08,688201,20,-3.63,,,
518,2026-05-08,300600,23,0.55,,,
