id,code,title,summary,source,news_type,url,publish_date,created_at
1,000001,分红季丨每10股派发现金股利人民币3.60元！红利低波（H30269.CSI）成分股平安银行，发布2025年年度权益分派实施公告,数据显示，平安银行（000001.SZ）是红利低波（H30269.CSI）指数的成分股，红利低波（H30269.CSI）指数选取50只流动性好、连续分红、红利支付率适中、每股股息正增长以及股息率高且波动率低的证券作为指数样本。,eastmoney,news,http://stock.eastmoney.com/a/202606053761865833.html,2026-06-05,2026-06-05 20:17:21.431343+00:00
2,000001,富时中国A50及富时中国50指数成分股调整：兆易创新等获纳入，中国建筑等被剔除,，新纳入兆易创新（603986.SH）、澜起科技（688008.SH）、东山精密（002384.SZ）、胜宏科技（300476.SZ）、潍柴动力（000338.SZ），同时将中国建筑（601668.SH）、海天味业（603288.SH）、海尔智家（600690.SH）、平安银行（000001,eastmoney,news,http://finance.eastmoney.com/a/202606033759239085.html,2026-06-03,2026-06-05 20:17:21.431343+00:00
3,000001,平安银行(000001.SZ)：2026年一季报净利润为145.23亿元,2026年4月25日，平安银行(000001.SZ)发布2026年一季报。 　　公司营业总收入为352.77亿元。归母净利润为145.23亿元。经营活动现金净流入为378.02亿元，较去年同报告期经营活动现金净流入减少1251.44亿元，同比较去年同期下降76.80%。,eastmoney,news,http://finance.eastmoney.com/a/202604253718934165.html,2026-04-25,2026-06-05 20:17:21.431343+00:00
4,000001,银行行业今日涨1.33%，主力资金净流入8.20亿元,光大银行 1.29 0.41 1553.75 002948 青岛银行 0.93 0.97 1316.17 601009 南京银行 1.36 0.33 1077.09 002958 青农商行 0.69 0.68 715.47 002839 张家港行 1.20 0.72 688.97 000001,eastmoney,news,http://finance.eastmoney.com/a/202606053762014675.html,2026-06-05,2026-06-05 20:17:21.431343+00:00
5,000001,近七成A股上市银行已设国际业务部，离岸联动与流程嵌入“双轨”并行,这其中又分为两种典型模式，一种与交易银行部合署，侧重“流程嵌入”，如兴业银行（601166.SH）的国际业务部/交易银行部；一种与离岸业务部门合署，侧重“市场联动”，如平安银行（000001.SZ）的“跨境金融部（离岸金融部）”。,eastmoney,news,http://finance.eastmoney.com/a/202606053762234972.html,2026-06-05,2026-06-05 20:17:21.431343+00:00
6,000001,ETF市场日报 | 通信与互联网板块批量领涨，传媒影视板块集体回调,"明日上市：上证指数ETF南方(510910)将于2026年6月3日挂牌，上市份额22,279.60万份，跟踪上证综合指数(000001)。该指数选取上海证券交易所全部上市股票，采用总市值加权，反映沪市整体表现。",eastmoney,news,http://stock.eastmoney.com/a/202606023757553392.html,2026-06-02,2026-06-05 20:17:21.431343+00:00
7,000001,A股午后跌幅迅速扩大：创指跌3.2%，3276股收涨,银行股逆势上涨，民生银行（600016）、厦门银行（601187）、中国银行（601988）等涨超2%，建设银行（601939）、平安银行（000001）、兴业银行（601166）、工商银行（601398）等涨超1%。,eastmoney,news,http://stock.eastmoney.com/a/202606053761925511.html,2026-06-05,2026-06-05 20:17:21.431343+00:00
8,000001,解密主力资金出逃股 连续5日净流出722股,11.05 -15.15 601360 三六零 15 12.38 7.68 -11.36 601689 拓普集团 5 12.38 6.73 -8.74 601888 中国中免 10 12.33 6.59 -9.93 600707 彩虹股份 5 12.20 8.14 -4.90 000001,eastmoney,news,http://finance.eastmoney.com/a/202605283752871893.html,2026-05-28,2026-06-05 20:17:21.431343+00:00
9,000001,ETF市场日报 | 创新药板块批量涨超4%，卫星ETF重挫逾7%,华夏上证综合ETF(510140)将于6月1日至6月12日募集，跟踪上证综合指数(000001)，选取上海证券交易所全部上市股票，采用总市值加权，反映沪市整体表现。,eastmoney,news,http://stock.eastmoney.com/a/202605293754439015.html,2026-05-29,2026-06-05 20:17:21.431343+00:00
10,000001,解密主力资金出逃股 连续5日净流出813股,9.50 -17.27 600206 有研新材 9 10.86 5.52 -12.88 600641 先导基电 7 10.56 8.17 -13.69 601888 中国中免 9 10.44 6.24 -7.52 603588 高能环境 14 10.42 10.65 -17.86 000001,eastmoney,news,http://finance.eastmoney.com/a/202605273751387729.html,2026-05-27,2026-06-05 20:17:21.431343+00:00
11,000001,解密主力资金出逃股 连续5日净流出768股,10.16 6.39 -13.02 603588 高能环境 13 9.99 10.62 -14.86 600206 有研新材 8 9.87 5.46 -9.88 601888 中国中免 8 9.84 7.01 -7.02 000034 神州数码 5 9.73 11.14 -9.98 000001,eastmoney,news,http://finance.eastmoney.com/a/202605263749739722.html,2026-05-26,2026-06-05 20:17:21.431343+00:00
12,000001,解密主力资金出逃股 连续5日净流出607股,9.91 11.12 -15.45 002648 卫星化学 5 9.72 13.85 -13.40 688123 聚辰股份 7 9.52 5.55 -9.51 300450 先导智能 5 9.43 7.61 -5.75 600641 先导基电 5 9.38 8.96 -7.99 000001,eastmoney,news,http://finance.eastmoney.com/a/202605253748279064.html,2026-05-25,2026-06-05 20:17:21.431343+00:00
13,000001,零售业务承压，这些银行何以逆势增长？,在这10家银行中，有两家是股份行，分别是平安银行（000001.SZ）、民生银行（600016.SH）。其中平安银行在业内也以零售特色著称，但近年其零售业务调整尤为剧烈。 　　财报数据显示，截至2025年末平安银行个人贷款余额1.7万亿元，相比2021年末下降了约0.2万亿元。,eastmoney,news,http://finance.eastmoney.com/a/202605293754177052.html,2026-05-29,2026-06-05 20:17:21.431343+00:00
14,000001,银行行业今日净流入资金3.08亿元，中国银行等6股净流入资金超5000万元,0.25 -4176.95 600036 招商银行 -0.05 0.35 -5334.22 600919 江苏银行 1.07 0.60 -5954.90 002142 宁波银行 0.70 0.35 -8757.75 600016 民生银行 -0.84 0.46 -10328.65 000001,eastmoney,news,http://finance.eastmoney.com/a/202605213745275436.html,2026-05-21,2026-06-05 20:17:21.431343+00:00
15,000001,银行股大分化：建行股价创新高，股份行普跌，城商行“独霸”四强,股息率方面，iFinD数据显示，截至5月25日，华夏银行（600015.SH）、兴业银行股息率（TTM）超6%，上海银行（601229.SH）、光大银行（601818.SH）、平安银行（000001.SZ）、招商银行（600036.SH）等11家银行股息率（TTM）在5%的水平。,eastmoney,news,http://finance.eastmoney.com/a/202605253748399874.html,2026-05-25,2026-06-05 20:17:21.431343+00:00
16,000001,高股息精选概念涨1.11%，主力资金净流入这些股,南山铝业 0.39 2.67 17239.96 10.58 600023 浙能电力 6.07 1.53 16190.06 12.23 601288 农业银行 1.77 0.10 14855.72 7.19 601728 中国电信 1.34 0.23 14709.05 13.65 000001,eastmoney,news,http://finance.eastmoney.com/a/202605293754558696.html,2026-05-29,2026-06-05 20:17:21.431343+00:00
17,000001,解密主力资金出逃股 连续5日净流出567股,10.53 -30.17 601360 三六零 11 10.26 8.19 -8.54 000973 佛塑科技 9 10.00 8.88 -24.96 603588 高能环境 11 9.58 11.23 -15.32 002714 牧原股份 5 9.46 9.90 -8.61 000001,eastmoney,news,http://finance.eastmoney.com/a/202605223746789773.html,2026-05-22,2026-06-05 20:17:21.431343+00:00
18,000001,解密主力资金出逃股 连续5日净流出717股,9.40 9.16 -24.28 603588 高能环境 10 9.35 11.62 -17.73 601360 三六零 10 9.33 8.09 -9.48 000711 ST京蓝 10 9.09 12.50 1.47 000762 西藏矿业 11 9.02 5.87 -21.09 000001,eastmoney,news,http://finance.eastmoney.com/a/202605213745277070.html,2026-05-21,2026-06-05 20:17:21.431343+00:00
19,000001,解密主力资金出逃股 连续5日净流出736股,8.21 12.61 6.81 600172 黄河旋风 5 8.07 6.10 -9.63 000768 中航西飞 6 8.05 13.37 -10.37 002413 雷科防务 8 7.80 9.32 -13.53 688027 国盾量子 7 7.79 7.18 -7.16 000001,eastmoney,news,http://finance.eastmoney.com/a/202605203743590466.html,2026-05-20,2026-06-05 20:17:21.431343+00:00
20,000001,解密主力资金出逃股 连续5日净流出668股,7.36 11.00 -11.51 000973 佛塑科技 6 7.25 9.51 -18.05 002560 通达股份 5 7.14 8.69 -16.03 000768 中航西飞 5 7.12 13.38 -8.34 000711 ST京蓝 8 6.91 12.31 12.15 000001,eastmoney,news,http://finance.eastmoney.com/a/202605193742032245.html,2026-05-19,2026-06-05 20:17:21.431343+00:00
21,000001,2025年年度权益分派实施公告,,cninfo,announcement,https://www.cninfo.com.cn/new/disclosure/detail?annoId=1225352449,2026-06-05,2026-06-05 20:17:21.431343+00:00
22,000001,北京市海问律师事务所关于平安银行股份有限公司2025年年度股东会的法律意见书,,cninfo,announcement,https://www.cninfo.com.cn/new/disclosure/detail?annoId=1225327041,2026-05-23,2026-06-05 20:17:21.431343+00:00
23,000001,2025年年度股东会决议公告,,cninfo,announcement,https://www.cninfo.com.cn/new/disclosure/detail?annoId=1225327040,2026-05-23,2026-06-05 20:17:21.431343+00:00
24,000001,投资者关系管理信息,,cninfo,announcement,https://www.cninfo.com.cn/new/disclosure/detail?annoId=1225303175,2026-05-13,2026-06-05 20:17:21.431343+00:00
25,000001,日常关联交易预计公告,,cninfo,announcement,https://www.cninfo.com.cn/new/disclosure/detail?annoId=1225188748,2026-04-25,2026-06-05 20:17:21.431343+00:00
26,000001,关联交易公告,,cninfo,announcement,https://www.cninfo.com.cn/new/disclosure/detail?annoId=1225188747,2026-04-25,2026-06-05 20:17:21.431343+00:00
27,000001,2025年年度股东会文件,,cninfo,announcement,https://www.cninfo.com.cn/new/disclosure/detail?annoId=1225188746,2026-04-25,2026-06-05 20:17:21.431343+00:00
28,000001,关于召开2025年年度股东会的通知,,cninfo,announcement,https://www.cninfo.com.cn/new/disclosure/detail?annoId=1225188745,2026-04-25,2026-06-05 20:17:21.431343+00:00
29,000001,平安银行股份有限公司董事、高级管理人员薪酬管理制度,,cninfo,announcement,https://www.cninfo.com.cn/new/disclosure/detail?annoId=1225188744,2026-04-25,2026-06-05 20:17:21.431343+00:00
30,000001,董事会决议公告,,cninfo,announcement,https://www.cninfo.com.cn/new/disclosure/detail?annoId=1225188743,2026-04-25,2026-06-05 20:17:21.431343+00:00
31,600519,贵州茅台跌破1300元/股整数关口,人民财讯6月3日电，6月3日开盘后，贵州茅台(600519)股价一路走低，跌破1300元/股整数关口；截至记者发稿时，贵州茅台股价维持在1281元/股附近，跌幅约2%。,eastmoney,news,http://finance.eastmoney.com/a/202606033758756823.html,2026-06-03,2026-06-05 20:17:21.431343+00:00
32,600519,贵州茅台：因回购股份注销实施完成 调整2025年年度利润分配方案每股分红金额至28.02423元,贵州茅台(600519.SH)公告称，公司调整2025年年度利润分配方案每股分红金额，由原定的27.993元(含税)调整为28.02423元(含税)。,eastmoney,news,http://finance.eastmoney.com/a/202606023757787841.html,2026-06-02,2026-06-05 20:17:21.431343+00:00
33,600519,贵州茅台(600519.SH)：2026年一季报净利润为272.43亿元、同比较去年同期上涨1.47%,2026年4月25日，贵州茅台(600519.SH)发布2026年一季报。 　　公司营业总收入为547.03亿元，较去年同报告期营业总收入增加32.59亿元，实现5年连续上涨，同比较去年同期上涨6.34%。,eastmoney,news,http://finance.eastmoney.com/a/202604253718938246.html,2026-04-25,2026-06-05 20:17:21.431343+00:00
34,600519,人均浮盈超580万元 中际旭创69名员工解锁低价筹码,近日，中际旭创（300308.SZ）股价超越贵州茅台（600519.SH），一举一动牵动着市场神经。昨日晚间中际旭创公告，第三期限制性股票激励计划预留部分第一个归属期归属股份6月8日上市流通，归属价格35.16元/股。,eastmoney,news,http://finance.eastmoney.com/a/202606053761034898.html,2026-06-05,2026-06-05 20:17:21.431343+00:00
35,600519,股价刚超越茅台 中际旭创69名员工解锁低价筹码 人均浮盈584.5万元|速读公告,财联社6月4日讯（记者付静）中际旭创（300308.SZ）昨日盘中股价刚刚超越贵州茅台（600519.SH），一举一动牵动着市场神经。今日晚间中际旭创公告，第三期限制性股票激励计划预留部分第一个归属期归属股份6月8日上市流通，归属价格35.16元/股。,eastmoney,news,http://finance.eastmoney.com/a/202606043760759522.html,2026-06-04,2026-06-05 20:17:21.431343+00:00
36,600519,62股获杠杆资金净买入超亿元,机械设备 688146 中船特气 -4.86 16875.58 173675.79 6.56 电子 300757 罗博特科 5.70 16848.09 544391.33 4.87 机械设备 000100 TCL科技 7.00 16565.81 394170.37 4.35 电子 600519,eastmoney,news,http://finance.eastmoney.com/a/202606043759858112.html,2026-06-04,2026-06-05 20:17:21.431343+00:00
37,600519,贵州茅台：股份回购完成，耗资30亿,5月27日 ，贵州茅台(600519.SH)公告称，公司回购股份实施完成，实际回购股份218.86万股，占公司总股本的0.17%，使用资金总额30亿元，回购价格区间1252.63元/股至1499.74元/股。此次回购股份将全部用于注销并减少注册资本。,eastmoney,news,http://finance.eastmoney.com/a/202605273752783635.html,2026-05-27,2026-06-05 20:17:21.431343+00:00
38,600519,贵州茅台回购219万股 金额30亿元,5月27日，贵州茅台（600519）发布公告，已完成股份回购219万股，占总股本的0.1748%，实际回购金额为30亿元，回购价格区间为1252.63元/股至1499.74元/股。 　　2026年一季度，贵州茅台实现收入547.03亿元，归母净利润272.43亿元。,eastmoney,news,http://finance.eastmoney.com/a/202605273751439066.html,2026-05-27,2026-06-05 20:17:21.431343+00:00
39,600519,贵州茅台：股份回购完成 耗资30亿元回购218.86万股,人民财讯5月27日电，贵州茅台(600519)5月27日公告，公司回购股份实施完成，实际回购股份218.86万股，占公司总股本的0.17%，使用资金总额30亿元，回购价格区间1252.63元/股至1499.74元/股。此次回购股份将全部用于注销并减少注册资本。,eastmoney,news,http://finance.eastmoney.com/a/202605273751435142.html,2026-05-27,2026-06-05 20:17:21.431343+00:00
40,600519,贵州茅台：完成30亿元股份回购,"贵州茅台(600519.SH)公告称，公司完成股份回购，实际回购218.86万股，占总股本0.1748%，回购金额约30亿元，回购价格区间1,252.63元/股至1,499.74元/股。回购股份将全部用于注销并减少注册资本，预计于2026年5月28日完成注销。",eastmoney,news,http://finance.eastmoney.com/a/202605273751430588.html,2026-05-27,2026-06-05 20:17:21.431343+00:00
41,600519,科技早报 | 大疆否认Pocket 4饥饿营销；比亚迪入局人形机器人,工业富联市值达1.61万亿元，超越贵州茅台位居A股第八位 　　6月3日，工业富联（601138.SH）股价持续走强，市值一度达到1.66万亿元，超过长期稳居A股市值榜前列的贵州茅台（600519.SH）。,eastmoney,news,http://finance.eastmoney.com/a/202606043759650769.html,2026-06-04,2026-06-05 20:17:21.431343+00:00
42,600519,59股特大单净流入资金超2亿元,10.37 电子 300750 宁德时代 426.42 -1.72 -9.73 电力设备 601138 工业富联 81.05 1.30 -8.07 电子 002436 兴森科技 39.82 -5.68 -7.55 电子 601991 大唐发电 9.10 -0.87 -7.08 公用事业 600519,eastmoney,news,http://finance.eastmoney.com/a/202606033759072733.html,2026-06-03,2026-06-05 20:17:21.431343+00:00
43,600519,工业富联市值达1.61万亿元 超越贵州茅台位居A股第八位,6月3日，工业富联（601138.SH）股价持续走强，市值一度达到1.66万亿元，超过长期稳居A股市值榜前列的贵州茅台（600519.SH）。 　　当天早盘，工业富联一度涨超5%，股价最高触及84.26元/股，市值达1.66万亿元；午后涨幅进一步扩大，总市值突破1.68万亿元。,eastmoney,news,http://finance.eastmoney.com/a/202606033759037759.html,2026-06-03,2026-06-05 20:17:21.431343+00:00
44,600519,午后白酒集体飙涨！贵州茅台涨超3%,贵州茅台（600519）最高涨幅超3%、五粮液（000858）也逆势翻红。 　　为何白酒板块突然异动，可能跟今天行情切换有关。另外，今天市场上还出现了一个极端信号，某外资行因为高级分析师离职，终止对消费行业的覆盖，市场解读为可能是一种底部信号。,eastmoney,news,http://finance.eastmoney.com/a/202605273751229191.html,2026-05-27,2026-06-05 20:17:21.431343+00:00
45,600519,A股史上第4只！“股王”联讯仪器股价突破2000元,数据显示，自A股1990年12月19日开市以来，最高价曾突破2000元的股票屈指可数，仅有中安科（600654.SH）、贵州茅台（600519.SH）、云赛智联（600602.SH）3只。,eastmoney,news,http://finance.eastmoney.com/a/202606033758786066.html,2026-06-03,2026-06-05 20:17:21.431343+00:00
46,600519,买1瓶茅台最低要捆绑4瓶黔茅酒？茅台子公司回应,截至6月2日上午收盘，贵州茅台（600519.SH）报1304.51元/股，跌幅为0.39%，市值为1.63万亿元。,eastmoney,news,http://finance.eastmoney.com/a/202606023757361684.html,2026-06-02,2026-06-05 20:17:21.431343+00:00
47,600519,A股风格切换，白酒板块直线拉升！水井坊等涨停，贵州茅台最高涨超3%,贵州茅台（600519.SH）最高涨幅超3%。 　　消息面上，国金证券研报称，拉长时间窗口来看，年初至今、由旺转淡过程中，白酒核心单品价盘均保持稳中有升的态势，尤其对于茅台酒的价盘预期持续上修。 　　分析师陈果表示，中国消费股大概率处于历史大底。,eastmoney,news,http://finance.eastmoney.com/a/202605273751436363.html,2026-05-27,2026-06-05 20:17:21.431343+00:00
48,600519,市值又暴增1.3万多亿，“易中天”实控人身价翻倍,6月3日，联讯仪器（688808.SH）收盘价报2204元，成为A股史上第四只2000元股，源杰科技（688498.SH）大涨16.41%报1405元，加上1378元的寒武纪（688256.SH），坐拥“股王”位置多年的贵州茅台（600519.SH）已经退居至第四名。,eastmoney,news,http://finance.eastmoney.com/a/202606033759227676.html,2026-06-03,2026-06-05 20:17:21.431343+00:00
49,600519,新股王！联讯仪器资产20亿市值2000亿元，50只高价股腰斩背后的隐忧,如当年的贵州茅台（600519.SH），于2021年2月10日创历史最高收盘价2601元，但截至6月3日收盘价1281.91元，跌幅高达50.71%。也就是说，再优质的资产，买在情绪顶峰也将面临漫长的消化过程。,eastmoney,news,http://finance.eastmoney.com/a/202606043760506372.html,2026-06-04,2026-06-05 20:17:21.431343+00:00
50,600519,贵州茅台完成近30亿元股份回购将全部注销,5月27日晚间，贵州茅台(600519)发布回购股份实施结果暨股份变动公告，累计投入资金近30亿元，回购均价1370.70元/股，回购股份将全部注销以减少注册资本。,eastmoney,news,http://finance.eastmoney.com/a/202605283751707672.html,2026-05-28,2026-06-05 20:17:21.431343+00:00
51,600519,贵州茅台关于调整2025年年度利润分配方案每股分红金额的公告,,cninfo,announcement,https://www.cninfo.com.cn/new/disclosure/detail?annoId=1225347653,2026-06-03,2026-06-05 20:17:21.431343+00:00
52,600519,贵州茅台2025年度股东会会议资料,,cninfo,announcement,https://www.cninfo.com.cn/new/disclosure/detail?annoId=1225347482,2026-06-03,2026-06-05 20:17:21.431343+00:00
53,600519,贵州茅台关于回购股份实施结果暨股份变动的公告,,cninfo,announcement,https://www.cninfo.com.cn/new/disclosure/detail?annoId=1225333825,2026-05-28,2026-06-05 20:17:21.431343+00:00
54,600519,贵州茅台关于召开2025年度股东会的通知,,cninfo,announcement,https://www.cninfo.com.cn/new/disclosure/detail?annoId=1225324469,2026-05-22,2026-06-05 20:17:21.431343+00:00
55,600519,贵州茅台独立董事候选人声明与承诺（王鑫）,,cninfo,announcement,https://www.cninfo.com.cn/new/disclosure/detail?annoId=1225324468,2026-05-22,2026-06-05 20:17:21.431343+00:00
56,600519,贵州茅台独立董事候选人声明与承诺（郭田勇）,,cninfo,announcement,https://www.cninfo.com.cn/new/disclosure/detail?annoId=1225324467,2026-05-22,2026-06-05 20:17:21.431343+00:00
57,600519,贵州茅台关于聘任董事会秘书的公告,,cninfo,announcement,https://www.cninfo.com.cn/new/disclosure/detail?annoId=1225324466,2026-05-22,2026-06-05 20:17:21.431343+00:00
58,600519,贵州茅台独立董事候选人声明与承诺（盛雷鸣）,,cninfo,announcement,https://www.cninfo.com.cn/new/disclosure/detail?annoId=1225324465,2026-05-22,2026-06-05 20:17:21.431343+00:00
59,600519,贵州茅台独立董事提名人声明与承诺,,cninfo,announcement,https://www.cninfo.com.cn/new/disclosure/detail?annoId=1225324464,2026-05-22,2026-06-05 20:17:21.431343+00:00
60,600519,贵州茅台关于与关联方签订《商标许可协议》的公告,,cninfo,announcement,https://www.cninfo.com.cn/new/disclosure/detail?annoId=1225324463,2026-05-22,2026-06-05 20:17:21.431343+00:00
61,000011,深物业A(000011.SZ)：2026年一季报净利润为-2723.52万元，同比由盈转亏,2026年4月29日，深物业A(000011.SZ)发布2026年一季报。 　　公司营业总收入为5.56亿元，在已披露的同业公司中排名第20，较去年同报告期营业总收入增加6282.90万元，实现2年连续上涨，同比较去年同期上涨12.73%。,eastmoney,news,http://finance.eastmoney.com/a/202604293724110782.html,2026-04-29,2026-06-05 20:21:36.368029+00:00
62,000011,9.45亿元资金今日流出房地产股,0.78 1.63 -566.38 000863 三湘印象 -0.55 2.46 -551.64 000838 *ST发展 2.02 4.91 -546.55 600743 华远控股 -1.48 3.98 -530.18 600162 香江控股 0.00 1.19 -496.25 000011,eastmoney,news,http://finance.eastmoney.com/a/202605133735961124.html,2026-05-13,2026-06-05 20:21:36.368029+00:00
63,000011,不只靠行情！112只“10元基”出炉 最牛一只飙到54元,其中，宏利成长（162201.OF）以54.07元的复权单位净值位居榜首，华夏大盘精选A（000011.OF）以50.69元紧随其后。 　　今年以来，A股结构性行情持续演绎，算力半导体、AI产业链及红利板块轮番走强，一批运作超过5年的老牌权益基金净值稳步攀升。,eastmoney,news,http://fund.eastmoney.com/a/202605143737799989.html,2026-05-15,2026-06-05 20:21:36.368029+00:00
64,000011,张雪机车发布安全隐患公告， 旅狼500RR/500F车主可享三项免费维保服务,符合召回范围的车辆包括：25款500RR单摇臂：SD000028–SD021720、TD000251–TD001672；25款500RR双摇臂：SD000100–SD001795、TD000179–TD000234；25款500RR青春版：SD000002–SD000664、TD000011,eastmoney,news,http://finance.eastmoney.com/a/202605113732563088.html,2026-05-11,2026-06-05 20:21:36.368029+00:00
65,000011,房地产行业资金流入榜：万通发展等9股净流入资金超5000万元,000090 天健集团 0.57 1.24 638.57 600649 城投控股 0.00 1.19 620.95 600638 新黄浦 1.96 1.95 563.73 600791 京能置业 0.82 4.33 476.53 000514 渝开发 1.23 1.58 416.94 000011,eastmoney,news,http://finance.eastmoney.com/a/202604303726531516.html,2026-04-30,2026-06-05 20:21:36.368029+00:00
66,000011,房地产行业今日净流入资金8.19亿元，先导基电等7股净流入资金超5000万元,000069 华侨城A 0.45 0.66 89.22 600162 香江控股 -1.10 1.16 87.89 000926 福星股份 -0.98 1.69 87.28 600648 外高桥 0.28 0.20 50.62 600716 凤凰股份 -1.18 1.00 32.33 000011,eastmoney,news,http://finance.eastmoney.com/a/202604173709027739.html,2026-04-17,2026-06-05 20:21:36.368029+00:00
67,000011,房地产行业资金流出榜：盈新发展等7股净流出资金超5000万元,ST中迪 1.97 2.80 103.20 600463 空港股份 -3.03 1.39 172.13 600791 京能置业 0.17 6.08 190.52 002208 合肥城建 -2.15 3.41 194.36 600648 外高桥 0.47 0.57 208.35 000011,eastmoney,news,http://finance.eastmoney.com/a/202604153705966514.html,2026-04-15,2026-06-05 20:21:36.368029+00:00
68,000011,16.44亿元主力资金今日抢筹房地产板块,1.62 1.43 -144.32 600716 凤凰股份 0.23 1.01 -157.60 600136 ST明诚 0.00 1.31 -167.06 000736 *ST中地 2.65 1.21 -193.60 600639 浦东金桥 4.98 2.21 -241.63 000011,eastmoney,news,http://finance.eastmoney.com/a/202604143704440187.html,2026-04-14,2026-06-05 20:21:36.368029+00:00
69,000011,华夏大盘精选混合A：2025年利润11.01亿元 净值增长率33.07%,AI基金华夏大盘精选混合A（000011）披露2025年年报，2025年基金利润11.01亿元，加权平均基金份额本期利润4.8036元。报告期内，基金净值增长率为33.07%，截至2025年末，基金规模为39.89亿元。 　　该基金属于灵活配置型基金。,eastmoney,news,http://stock.eastmoney.com/a/202604083698380661.html,2026-04-08,2026-06-05 20:21:36.368029+00:00
70,000011,深物业A公布年报：同比扭亏为盈 主业收缩,3月28日，深圳国资系上市公司深物业A（000011）发布2025年年报。报告显示，公司全年实现营业收入23.83亿元，同比下降12.83%；归母净利润3388.51万元，同比扭亏为盈，增幅达103.04%。,eastmoney,news,http://finance.eastmoney.com/a/202603303689011634.html,2026-03-30,2026-06-05 20:21:36.368029+00:00
71,000011,深物业A2025年营降利增，经营现金流连续三年下滑，应收账款占比持续增长,3月27日，深物业A（000011）发布2025年年报。报告显示，公司2025年营业收入为23.83亿元，同比下降12.83%；归母净利润为3388.51万元，同比增长103.04%；扣非归母净利润为-1238.64万元，同比增长99.07%。,eastmoney,news,http://finance.eastmoney.com/a/202603293687943184.html,2026-03-29,2026-06-05 20:21:36.368029+00:00
72,000011,深物业A：2025年盈利3388.51万元 拟10派0.2元,中证智能财讯深物业A（000011）3月28日披露2025年年度报告。,eastmoney,news,http://finance.eastmoney.com/a/202603283687750918.html,2026-03-28,2026-06-05 20:21:36.368029+00:00
73,000011,3.49亿主力资金净流入，新型城镇化概念涨4.55%,002398 垒知集团 5.01 3.57 -34.90 -0.35 002743 富煌钢构 6.10 3.04 -57.85 -0.83 301172 君逸数码 2.60 4.97 -57.89 -0.49 601368 绿城水务 5.20 1.49 -59.96 -0.88 000011,eastmoney,news,http://finance.eastmoney.com/a/202603243682624388.html,2026-03-24,2026-06-05 20:21:36.368029+00:00
74,000011,房地产行业资金流出榜：保利发展、万科A等净流出资金居前,002188 中天服务 1.00 3.39 -10.60 000909 ST数源 1.56 0.86 34.14 600708 光明地产 -2.27 2.43 45.89 000718 苏宁环球 -2.18 1.94 47.22 002968 新大正 0.64 1.27 49.02 000011,eastmoney,news,http://finance.eastmoney.com/a/202603183676020444.html,2026-03-18,2026-06-05 20:21:36.368029+00:00
75,000011,14.60亿元主力资金今日撤离房地产板块,凤凰股份 -2.47 2.75 295.95 002285 世联行 -6.54 5.14 255.42 600665 天地源 -1.91 1.16 223.45 002968 新大正 -2.03 1.73 206.37 600064 南京高科 -0.44 0.92 195.94 000011,eastmoney,news,http://finance.eastmoney.com/a/202602263655388752.html,2026-02-26,2026-06-05 20:21:36.368029+00:00
76,000011,物业管理概念下跌1.27%，6股主力资金净流出超亿元,世荣兆业 -2.97 1.26 121.39 603506 南都物业 -1.68 1.45 137.28 000428 华天酒店 -1.04 1.17 148.31 600689 上海三毛 -1.52 4.07 148.72 600234 科新发展 1.27 0.98 155.12 000011,eastmoney,news,http://finance.eastmoney.com/a/202602263655377316.html,2026-02-26,2026-06-05 20:21:36.368029+00:00
77,000011,【盘中播报】92只股长线走稳 站上年线,2.86 0.98 25.40 25.92 2.03 600285 羚锐制药 2.65 1.75 22.02 22.46 1.99 601919 中远海控 2.18 0.92 14.25 14.53 1.98 603818 曲美家居 2.95 2.05 3.77 3.84 1.83 000011,eastmoney,news,http://finance.eastmoney.com/a/202602043641361653.html,2026-02-04,2026-06-05 20:21:36.368029+00:00
78,000011,深物业A：预计2025年盈利3000万元 同比扭亏,中证智能财讯深物业A（000011）1月30日晚间披露2025年度业绩预告，预计2025年归母净利润3000万元，上年同期亏损11.15亿元；扣非净利润亏损1700万元，上年同期亏损13.29亿元；基本每股收益0.0503元/股。,eastmoney,news,http://finance.eastmoney.com/a/202601303637293277.html,2026-01-30,2026-06-05 20:21:36.368029+00:00
79,000011,【盘中播报】48只股长线走稳 站上年线,2.30 3.13 4.79 4.89 2.09 002629 仁智股份 6.23 12.05 6.52 6.65 1.97 300860 锋尚文化 2.43 3.76 27.76 28.24 1.71 300676 华大基因 2.25 2.86 51.01 51.88 1.70 000011,eastmoney,news,http://finance.eastmoney.com/a/202601293635128194.html,2026-01-29,2026-06-05 20:21:36.368029+00:00
80,000011,今日60只股长线走稳 站上年线,2.76 1.72 18.59 18.96 2.01 603557 ST起步 3.50 4.27 2.61 2.66 1.84 300860 锋尚文化 2.50 3.17 27.76 28.26 1.79 000761 本钢板材 3.34 0.63 3.65 3.71 1.69 000011,eastmoney,news,http://finance.eastmoney.com/a/202601293635003958.html,2026-01-29,2026-06-05 20:21:36.368029+00:00
81,000011,第十一届董事会第6次会议决议公告,,cninfo,announcement,https://www.cninfo.com.cn/new/disclosure/detail?annoId=1225227132,2026-04-29,2026-06-05 20:21:36.368029+00:00
82,000011,2026年一季度报告,,cninfo,announcement,https://www.cninfo.com.cn/new/disclosure/detail?annoId=1225227130,2026-04-29,2026-06-05 20:21:36.368029+00:00
83,000011,2026年4月20日投资者关系活动记录表（2025年度业绩说明会）,,cninfo,announcement,https://www.cninfo.com.cn/new/disclosure/detail?annoId=1225125890,2026-04-20,2026-06-05 20:21:36.368029+00:00
84,000011,2025年度股东会法律意见书,,cninfo,announcement,https://www.cninfo.com.cn/new/disclosure/detail?annoId=1225118076,2026-04-18,2026-06-05 20:21:36.368029+00:00
85,000011,2025年度股东会决议公告,,cninfo,announcement,https://www.cninfo.com.cn/new/disclosure/detail?annoId=1225118075,2026-04-18,2026-06-05 20:21:36.368029+00:00
86,000011,关于为控股子公司深圳市荣耀房地产开发有限公司授信融资额度提供担保的进展公告,,cninfo,announcement,https://www.cninfo.com.cn/new/disclosure/detail?annoId=1225065453,2026-03-31,2026-06-05 20:21:36.368029+00:00
87,000011,关于2025年度利润分配预案的公告,,cninfo,announcement,https://www.cninfo.com.cn/new/disclosure/detail?annoId=1225045296,2026-03-28,2026-06-05 20:21:36.368029+00:00
88,000011,致同会计师事务所对营业收入扣除情况表专项核查报告,,cninfo,announcement,https://www.cninfo.com.cn/new/disclosure/detail?annoId=1225045291,2026-03-28,2026-06-05 20:21:36.368029+00:00
89,000011,公司关于会计师事务所履职情况的评估报告,,cninfo,announcement,https://www.cninfo.com.cn/new/disclosure/detail?annoId=1225045290,2026-03-28,2026-06-05 20:21:36.368029+00:00
90,000011,董事会审计、风险与合规管理委员会对会计师事务所履行监督职责情况的报告,,cninfo,announcement,https://www.cninfo.com.cn/new/disclosure/detail?annoId=1225045289,2026-03-28,2026-06-05 20:21:36.368029+00:00
91,000028,国药一致(000028.SZ)：2026年一季报净利润为2.87亿元、同比较去年同期下降12.36%,2026年4月30日，国药一致(000028.SZ)发布2026年一季报。 　　公司营业总收入为178.23亿元，在已披露的同业公司中排名第4，较去年同报告期营业总收入减少4.70亿元，同比较去年同期下降2.57%。,eastmoney,news,http://finance.eastmoney.com/a/202604303726082555.html,2026-04-30,2026-06-05 20:21:36.368029+00:00
92,000028,国药集团拟控股艾德生物，上市公司版图再落一子,当前国药集团拥有1600余家成员企业，横跨科技研发、工业制造、物流分销、零售连锁、医疗健康、工程技术、专业会展、国际经营、金融投资等大健康全产业链，其中控股的上市公司版图就囊括了国药控股（01099.HK）、国药股份（600511.SH）、国药一致（000028.SZ 200028,eastmoney,news,http://finance.eastmoney.com/a/202606053761995453.html,2026-06-05,2026-06-05 20:21:36.368029+00:00
93,000028,持股锁定5年、主导董事会换届 国药集团16亿收购艾德生物20%股权 | 速读公告,通过一系列资本运作，目前国药集团旗下已拥有至少8家上市公司，包括国药控股（01099.HK）、国药股份（600511.SH）、国药一致（000028.SZ）、天坛生物（600161.SH）、中国中药（00570.HK）、国药现代（600420.SH）、太极集团（600129.SH）,eastmoney,news,http://finance.eastmoney.com/a/202606043760764018.html,2026-06-04,2026-06-05 20:21:36.368029+00:00
94,000028,28股今日获机构买入评级 6股上涨空间超20%,凯格精机 方正证券 推荐 推荐 192.50 600096 云天化 招商证券 强烈推荐 强烈推荐 31.61 603605 珀莱雅 西部证券 买入 买入 56.17 600160 巨化股份 华安证券 买入 买入 34.07 002100 天康生物 太平洋证券 买入 买入 7.16 000028,eastmoney,news,http://finance.eastmoney.com/a/202605183740606494.html,2026-05-18,2026-06-05 20:21:36.368029+00:00
95,000028,张雪机车发布安全隐患公告， 旅狼500RR/500F车主可享三项免费维保服务,符合召回范围的车辆包括：25款500RR单摇臂：SD000028–SD021720、TD000251–TD001672；25款500RR双摇臂：SD000100–SD001795、TD000179–TD000234；25款500RR青春版：SD000002–SD000664、TD000011,eastmoney,news,http://finance.eastmoney.com/a/202605113732563088.html,2026-05-11,2026-06-05 20:21:36.368029+00:00
96,000028,社保基金长线坚守54只股（附股）,002430 杭氧股份 28 2 5113.85 5.51 5.23 300783 三只松鼠 27 1 287.91 115.55 1.03 002847 盐津铺子 26 1 171.28 不变 0.70 300395 菲利华 26 2 1154.15 -22.16 2.26 000028,eastmoney,news,http://finance.eastmoney.com/a/202605083731294975.html,2026-05-08,2026-06-05 20:21:36.368029+00:00
97,000028,社保基金连续持有54股 最长已持有60个季度,002430 杭氧股份 28 2 5113.85 5.51 5.23 300783 三只松鼠 27 1 287.91 115.55 1.03 002847 盐津铺子 26 1 171.28 不变 0.70 300395 菲利华 26 2 1154.15 -22.16 2.26 000028,eastmoney,news,http://finance.eastmoney.com/a/202605073729841847.html,2026-05-07,2026-06-05 20:21:36.368029+00:00
98,000028,国药一致一季度归母净利润2.87亿元，同比下降12.4%,4月29日，国药一致(000028)公布2026年一季报，公司营业收入为178.2亿元，同比下降2.6%；归母净利润为2.87亿元，同比下降12.4%；扣非归母净利润为2.8亿元，同比下降11.8%；经营现金流净额为-29.35亿元，同比下降61.5%；EPS(全面摊薄)为0.5165,eastmoney,news,http://finance.eastmoney.com/a/202604303725506050.html,2026-04-30,2026-06-05 20:21:36.368029+00:00
99,000028,社保基金长线坚守54只股（附股）,002430 杭氧股份 28 2 5113.85 5.51 5.23 300783 三只松鼠 27 1 287.91 115.55 1.03 002847 盐津铺子 26 1 171.28 不变 0.70 300395 菲利华 26 2 1154.15 -22.16 2.26 000028,eastmoney,news,http://finance.eastmoney.com/a/202605063728444097.html,2026-05-06,2026-06-05 20:21:36.368029+00:00
100,000028,国药一致：2026年一季度净利润2.87亿元,中证智能财讯国药一致（000028）4月30日披露2026年第一季度报告。,eastmoney,news,http://finance.eastmoney.com/a/202605013727279598.html,2026-05-01,2026-06-05 20:21:36.368029+00:00
101,000028,国药一致：一季度归母净利润约2.87亿元 同比下降12.36%,4月21日晚间，国药一致（000028.SZ）发布2026年一季度业绩快报。报告显示，其营业收入约178.23亿元，同比减少2.57%；归属于上市公司股东的净利润约2.87亿元，同比减少12.36%；基本每股收益0.52元，同比减少11.86%。（央广财经）,eastmoney,news,http://finance.eastmoney.com/a/202604213712481288.html,2026-04-21,2026-06-05 20:21:36.368029+00:00
102,000028,社保基金连续持有54股 最长已持有60个季度,002430 杭氧股份 28 2 5113.85 5.51 5.23 300783 三只松鼠 27 1 287.91 115.55 1.03 002847 盐津铺子 26 1 171.28 不变 0.70 300395 菲利华 26 2 1154.15 -22.16 2.26 000028,eastmoney,news,http://finance.eastmoney.com/a/202604303726196858.html,2026-04-30,2026-06-05 20:21:36.368029+00:00
103,000028,国药一致Q1业绩快报：归母净利润同比降12.36%至2.87亿元,4月21日，国药一致（000028）发布公告，2026年第一季度业绩快报显示，公司实现营业总收入约为178.23亿元，同比下降2.57%；归母净利润约为2.87亿元，同比下降12.36%。,eastmoney,news,http://finance.eastmoney.com/a/202604213712465673.html,2026-04-21,2026-06-05 20:21:36.368029+00:00
104,000028,国药一致：2026年一季度净利2.87亿元 同比下降12.36%,中证智能财讯国药一致（000028）4月21日晚间披露2026年一季度业绩快报，公司实现营业收入178.23亿元，同比下降2.57%；归母净利润2.87亿元，同比下降12.36%；扣非净利润2.8亿元，同比下降11.77%；基本每股收益0.52元，加权平均净资产收益率为1.53%。,eastmoney,news,http://finance.eastmoney.com/a/202604213712738039.html,2026-04-21,2026-06-05 20:21:36.368029+00:00
105,000028,短线防风险 43只个股短期均线现死叉,0.63 32.75 32.81 -0.17 32.04 -2.34 002907 华森制药 1.59 0.99 14.17 14.19 -0.17 14.08 -0.78 000915 华特达因 -3.30 3.09 31.12 31.17 -0.16 30.17 -3.20 000028,eastmoney,news,http://finance.eastmoney.com/a/202604223713956385.html,2026-04-22,2026-06-05 20:21:36.368029+00:00
106,000028,近日海外机构调研股名单,15.42 -2.47 建筑材料 300818 耐普矿机 1 34.99 -3.07 机械设备 688617 惠泰医疗 1 247.79 -3.96 医药生物 000703 恒逸石化 8 14.98 -3.97 石油石化 300979 华利集团 11 42.46 -4.15 纺织服饰 000028,eastmoney,news,http://finance.eastmoney.com/a/202604233716053411.html,2026-04-23,2026-06-05 20:21:36.368029+00:00
107,000028,海外机构调研股名单 安克创新最受关注,47.77 -1.51 电子 002438 江苏神通 1 16.56 -1.90 机械设备 002271 东方雨虹 8 15.69 -2.43 建筑材料 603713 密尔克卫 4 59.69 -3.54 交通运输 688617 惠泰医疗 1 251.72 -4.83 医药生物 000028,eastmoney,news,http://finance.eastmoney.com/a/202604223714150923.html,2026-04-22,2026-06-05 20:21:36.368029+00:00
108,000028,63家公司获海外机构调研,688252 天德钰 3 21.39 3.63 电子 603713 密尔克卫 4 59.50 1.24 交通运输 601918 新集能源 1 7.47 1.08 煤炭 601717 中创智领 2 19.99 0.25 机械设备 001206 依依股份 1 20.30 -0.73 美容护理 000028,eastmoney,news,http://finance.eastmoney.com/a/202604203710777376.html,2026-04-20,2026-06-05 20:21:36.368029+00:00
109,000028,海外机构调研股名单 安克创新最受关注,7.65 -0.52 煤炭 001206 依依股份 1 20.44 -1.45 美容护理 688617 惠泰医疗 1 252.33 -1.92 医药生物 300979 华利集团 11 43.18 -2.53 纺织服饰 000400 许继电气 3 26.16 -2.57 电力设备 000028,eastmoney,news,http://finance.eastmoney.com/a/202604213712302172.html,2026-04-21,2026-06-05 20:21:36.368029+00:00
110,000028,国药控股原党委书记、董事长魏玉林受贿案一审宣判，获刑12年,旗下有1100余家分子公司，包括国药集团药业股份有限公司（国药股份，600511.SH）、国药集团一致药业股份有限公司（国药一致，000028.SZ）两家A股上市公司，员工总数约12万人。,eastmoney,news,http://finance.eastmoney.com/a/202604173708953450.html,2026-04-17,2026-06-05 20:21:36.368029+00:00
111,000028,关于完成补选独立董事暨调整专门委员会委员的公告,,cninfo,announcement,https://www.cninfo.com.cn/new/disclosure/detail?annoId=1225323162,2026-05-22,2026-06-05 20:21:36.368029+00:00
112,000028,2025年年度股东会法律意见,,cninfo,announcement,https://www.cninfo.com.cn/new/disclosure/detail?annoId=1225323161,2026-05-22,2026-06-05 20:21:36.368029+00:00
113,000028,2025年年度股东会决议公告,,cninfo,announcement,https://www.cninfo.com.cn/new/disclosure/detail?annoId=1225323160,2026-05-22,2026-06-05 20:21:36.368029+00:00
114,000028,董事、高级管理人员薪酬管理制度,,cninfo,announcement,https://www.cninfo.com.cn/new/disclosure/detail?annoId=1225254485,2026-04-30,2026-06-05 20:21:36.368029+00:00
115,000028,独立董事提名人声明与承诺（谭劲松）,,cninfo,announcement,https://www.cninfo.com.cn/new/disclosure/detail?annoId=1225254484,2026-04-30,2026-06-05 20:21:36.368029+00:00
116,000028,独立董事候选人声明与承诺（谭劲松）,,cninfo,announcement,https://www.cninfo.com.cn/new/disclosure/detail?annoId=1225254483,2026-04-30,2026-06-05 20:21:36.368029+00:00
117,000028,关于独立董事辞任暨补选独立董事并调整专门委员会委员的公告,,cninfo,announcement,https://www.cninfo.com.cn/new/disclosure/detail?annoId=1225254482,2026-04-30,2026-06-05 20:21:36.368029+00:00
118,000028,关于召开2025年年度股东会的通知,,cninfo,announcement,https://www.cninfo.com.cn/new/disclosure/detail?annoId=1225254481,2026-04-30,2026-06-05 20:21:36.368029+00:00
119,000028,第十届董事会2026年第四次临时会议决议公告,,cninfo,announcement,https://www.cninfo.com.cn/new/disclosure/detail?annoId=1225254480,2026-04-30,2026-06-05 20:21:36.368029+00:00
120,000028,2026年一季度报告,,cninfo,announcement,https://www.cninfo.com.cn/new/disclosure/detail?annoId=1225254478,2026-04-30,2026-06-05 20:21:36.368029+00:00
121,300197,节能铁汉(300197)龙虎榜数据(06-03),交易所2026年6月3日公布的交易公开信息显示，节能铁汉因成为日涨幅达到15%的前5只证券上榜。节能铁汉当日收报2.78元，涨跌幅19.83%，偏离值20.00%，换手率15.78%，成交额12.75亿。 免责声明：本文基于AI生产，仅供参考，不构成任何投资建议，据此操作风险自担。,eastmoney,news,http://stock.eastmoney.com/a/202606033759025124.html,2026-06-03,2026-06-06 04:03:10.812799+00:00
122,300197,节能铁汉(300197)龙虎榜数据(06-02),交易所2026年6月2日公布的交易公开信息显示，节能铁汉因成为日涨幅达到15%的前5只证券、连续三个交易日内，涨幅偏离值累计达到30%的证券上榜。节能铁汉当日收报2.32元，涨跌幅20.21%，偏离值20.00%，换手率14.95%，成交额9.83亿。异常期间6月1日至6月2日，期间涨幅,eastmoney,news,http://stock.eastmoney.com/a/202606023757569990.html,2026-06-02,2026-06-06 04:03:10.812799+00:00
123,300197,节能铁汉(300197)龙虎榜数据(06-01),交易所2026年6月1日公布的交易公开信息显示，节能铁汉因成为日涨幅达到15%的前5只证券上榜。节能铁汉当日收报1.93元，涨跌幅19.88%，偏离值20.00%，换手率5.29%，成交额3.03亿。 免责声明：本文基于AI生产，仅供参考，不构成任何投资建议，据此操作风险自担。东方财富发布此内容旨在传播更多信息,eastmoney,news,http://stock.eastmoney.com/a/202606013756056218.html,2026-06-01,2026-06-06 04:03:10.812799+00:00
124,300197,重大资产重组！300197筹划 300960终止,节能铁汉（300197）5月29日晚间公告，公司拟通过资产出售与资产购买并行的方式优化业务结构、改善资产质量。本次交易互为前提、同步推进，预计构成重大资产重组及关联交易，公司股票将不停牌，相关事项尚存在重大不确定性。,eastmoney,news,http://finance.eastmoney.com/a/202605313755142114.html,2026-05-31,2026-06-06 04:03:10.812799+00:00
125,300197,深交所对中节能铁汉(300197.SZ)及刘水等给予公开谴责及三年任职限制处分,2026年4月28日，深圳证券交易所对中节能铁汉生态环境股份有限公司（300197.SZ）及相关当事人作出公开认定等纪律处分决定。,eastmoney,news,http://finance.eastmoney.com/a/202605083730873340.html,2026-05-08,2026-06-06 04:03:10.812799+00:00
126,300197,节能铁汉：筹划收购晶和科技及启源装备控股权,节能铁汉(300197.SZ)公告称，公司拟以现金方式收购中节能晶和科技有限公司及中节能西安启源机电装备有限公司的控股权，交易方案尚未最终确定，存在不确定性。,eastmoney,news,http://finance.eastmoney.com/a/202606023757752834.html,2026-06-02,2026-06-06 04:03:10.812799+00:00
127,300197,节能铁汉3连板，培育钻石概念涨幅居前丨强势个股,今日沪深两市A股共计82只涨停，综合当前连板数以及当日龙虎榜数据，其中较为强势的前三只个股分别为：节能铁汉（300197）、郑州煤电（600121）与模塑科技（000700）。,eastmoney,news,http://finance.eastmoney.com/a/202606033759182494.html,2026-06-03,2026-06-06 04:03:10.812799+00:00
128,300197,节能铁汉(300197.SZ)：2026年一季报净利润为-1.21亿元，同比亏损减少,2026年4月29日，节能铁汉(300197.SZ)发布2026年一季报。 　　公司营业总收入为1.94亿元。归母净利润为-1.21亿元，较去年同报告期归母净利润增加3321.80万元，实现2年连续上涨。,eastmoney,news,http://finance.eastmoney.com/a/202604303726200264.html,2026-04-30,2026-06-06 04:03:10.812799+00:00
129,300197,深股通现身20只个股龙虎榜,-1.81 38.28 002046 国机精工 6928.96 10.00 5.45 000700 模塑科技 6034.61 10.02 16.13 002167 东方锆业 6003.67 10.01 10.38 001896 豫能控股 5628.38 10.03 10.78 300197,eastmoney,news,http://finance.eastmoney.com/a/202606033759381153.html,2026-06-03,2026-06-06 04:03:10.812799+00:00
130,300197,深股通现身19只个股龙虎榜,日深股通专用席位上榜龙虎榜个股 代码 简称 深股通专用席位净买入（万元） 当日涨跌幅（%） 当日换手率（%） 002384 东山精密 71230.08 10.00 7.80 000062 深圳华强 18656.56 10.01 9.66 000767 晋控电力 7077.55 -0.49 31.05 300197,eastmoney,news,http://finance.eastmoney.com/a/202606023757892886.html,2026-06-02,2026-06-06 04:03:10.812799+00:00
131,300197,营业部最青睐个股曝光 3股净买入超亿元,达利凯普 37.30 20.01 8867.12 7.81 600403 大有能源 6.12 10.07 8761.64 57.20 000960 锡业股份 43.19 10.01 7795.58 1.61 301419 阿莱德 44.88 20.00 5583.48 7.57 300197,eastmoney,news,http://finance.eastmoney.com/a/202606023757892439.html,2026-06-02,2026-06-06 04:03:10.812799+00:00
132,300197,65只A股筹码大换手（6月4日）,金利华电 49.20 22.86 -4.71 920178 锐翔智能 140.50 22.72 5.25 920088 科力股份 38.38 22.70 -12.51 301468 博盈特焊 51.97 22.65 20.00 603120 肯特催化 55.86 22.21 6.93 300197,eastmoney,news,http://finance.eastmoney.com/a/202606043760438250.html,2026-06-04,2026-06-06 04:03:10.812799+00:00
133,300197,【数据揭秘】融资客看好个股一览,环比降幅（%） 占流通市值比例（%） 涨跌幅(%) 300327 中颖电子 60355.08 -45.75 6.43 -2.95 920981 晶赛科技 3597.56 -36.01 2.24 -4.67 920086 科马材料 1278.46 -22.10 1.84 -3.59 300197,eastmoney,news,http://finance.eastmoney.com/a/202606053761673541.html,2026-06-05,2026-06-06 04:03:10.812799+00:00
134,300197,今日29只个股突破年线,6月2日突破年线个股乖离率排名 证券代码 证券简称 今日涨跌幅（%） 今日换手率（%） 年线（元） 最新价（元） 乖离率（%） 300197 节能铁汉 20.21 14.71 1.97 2.32 17.50 002137 实益达 10.01 11.04 8.66 9.45 9.17,eastmoney,news,http://finance.eastmoney.com/a/202606023757396071.html,2026-06-02,2026-06-06 04:03:10.812799+00:00
135,300197,【盘中播报】28只个股跨越牛熊分界线,6月2日突破年线个股乖离率排名 　　 证券代码 证券简称 今日涨跌幅（%） 今日换手率（%） 年线（元） 最新价（元） 乖离率（%） 300197 节能铁汉 20.21 14.57 1.97 2.32 17.50 600280 中央商场 9.94 12.48 3.55 3.87 9.11,eastmoney,news,http://finance.eastmoney.com/a/202606023757355668.html,2026-06-02,2026-06-06 04:03:10.812799+00:00
136,300197,今日45只个股跨越牛熊分界线,6月2日突破年线个股乖离率排名 证券代码 证券简称 今日涨跌幅（%） 今日换手率（%） 年线（元） 最新价（元） 乖离率（%） 300197 节能铁汉 20.21 14.95 1.97 2.32 17.50 002137 实益达 10.01 11.86 8.66 9.45 9.17,eastmoney,news,http://finance.eastmoney.com/a/202606023757543647.html,2026-06-02,2026-06-06 04:03:10.812799+00:00
137,300197,节能铁汉：筹划重大资产重组事项,节能铁汉(300197.SZ)公告称，公司拟出售除保留资产负债以外的其他资产及负债，交易对方为中国节能集团或其他市场主体；同时拟以支付现金方式向关联方购买股权类资产。本次资产出售及购买互为前提，同时生效，预计均构成重大资产重组及关联交易。,eastmoney,news,http://finance.eastmoney.com/a/202605293754616695.html,2026-05-29,2026-06-06 04:03:10.812799+00:00
138,300197,【盘中播报】43只股长线走稳 站上年线,6月2日突破年线个股乖离率排名 证券代码 证券简称 今日涨跌幅（%） 今日换手率（%） 年线（元） 最新价（元） 乖离率（%） 300197 节能铁汉 20.21 14.87 1.97 2.32 17.50 002137 实益达 10.01 11.58 8.66 9.45 9.17,eastmoney,news,http://stock.eastmoney.com/a/202606023757467638.html,2026-06-02,2026-06-06 04:03:10.812799+00:00
139,300197,今日盘中突破五日均线个股一览,6月1日突破五日均线个股乖离率排名 证券代码 证券简称 今日涨跌幅（%） 今日换手率（%） 五日均线（元） 最新价（元） 乖离率（%） 920876 慧为智能 21.39 11.15 19.96 23.10 15.72 300197 节能铁汉 19.88 4.71 1.67 1.93,eastmoney,news,http://stock.eastmoney.com/a/202606013755908345.html,2026-06-01,2026-06-06 04:03:10.812799+00:00
140,300197,1559只股短线走稳 站上五日均线,6月1日突破五日均线个股乖离率排名 证券代码 证券简称 今日涨跌幅（%） 今日换手率（%） 五日均线（元） 最新价（元） 乖离率（%） 920876 慧为智能 29.95 20.13 20.29 24.73 21.89 300197 节能铁汉 19.88 5.29 1.67 1.93,eastmoney,news,http://finance.eastmoney.com/a/202606013756003191.html,2026-06-01,2026-06-06 04:03:10.812799+00:00
141,300197,关于股票交易异常波动的公告,,cninfo,announcement,https://www.cninfo.com.cn/new/disclosure/detail?annoId=1225347469,2026-06-02,2026-06-06 04:03:10.812799+00:00
142,300197,关于筹划重大资产重组暨关联交易的进展公告,,cninfo,announcement,https://www.cninfo.com.cn/new/disclosure/detail?annoId=1225347470,2026-06-02,2026-06-06 04:03:10.812799+00:00
143,300197,关于筹划重大资产重组暨关联交易的提示性的公告,,cninfo,announcement,https://www.cninfo.com.cn/new/disclosure/detail?annoId=1225339994,2026-05-29,2026-06-06 04:03:10.812799+00:00
144,300197,关于公司向控股股东申请借款展期暨关联交易的公告,,cninfo,announcement,https://www.cninfo.com.cn/new/disclosure/detail?annoId=1225311461,2026-05-15,2026-06-06 04:03:10.812799+00:00
145,300197,2025年年度股东会决议公告,,cninfo,announcement,https://www.cninfo.com.cn/new/disclosure/detail?annoId=1225311459,2026-05-15,2026-06-06 04:03:10.812799+00:00
146,300197,第五届董事会第三十七次会议决议公告,,cninfo,announcement,https://www.cninfo.com.cn/new/disclosure/detail?annoId=1225311458,2026-05-15,2026-06-06 04:03:10.812799+00:00
147,300197,北京中银（深圳）律师事务所关于中节能铁汉生态环境股份有限公司2025年年度股东会的法律意见书,,cninfo,announcement,https://www.cninfo.com.cn/new/disclosure/detail?annoId=1225311460,2026-05-15,2026-06-06 04:03:10.812799+00:00
148,300197,关于累计诉讼、仲裁情况的公告,,cninfo,announcement,https://www.cninfo.com.cn/new/disclosure/detail?annoId=1225291374,2026-05-11,2026-06-06 04:03:10.812799+00:00
149,300197,300197节能铁汉投资者关系管理信息20260429,,cninfo,announcement,https://www.cninfo.com.cn/new/disclosure/detail?annoId=1225258684,2026-04-29,2026-06-06 04:03:10.812799+00:00
150,300197,中信建投证券股份有限公司关于中节能铁汉生态环境股份有限公司向特定对象发行股票之保荐总结报告书,,cninfo,announcement,https://www.cninfo.com.cn/new/disclosure/detail?annoId=1225225632,2026-04-29,2026-06-06 04:03:10.812799+00:00
151,000725,000725，成交额A股第一,其中，京东方A（000725）半日成交256.13亿元，位居A股第一；该股自昨日强势涨停后，今日盘中再度触及涨停，午盘收涨8.94%，总市值2482亿元。 　　盘面上，全市场超4000只个股上涨。,eastmoney,news,http://finance.eastmoney.com/a/202606053761774466.html,2026-06-05,2026-06-06 05:38:45.545096+00:00
152,000725,京东方A(000725)龙虎榜数据(06-04),交易所2026年6月4日公布的交易公开信息显示，京东方A因成为日涨幅偏离值达到7%的前5只证券上榜。京东方A当日收报6.15元，涨跌幅10.02%，偏离值10.41%，换手率9.14%，成交额199.50亿。 免责声明：本文基于AI生产，仅供参考，不构成任何投资建议，据此操作风险自担,eastmoney,news,http://stock.eastmoney.com/a/202606043760420370.html,2026-06-04,2026-06-06 05:38:45.545096+00:00
153,000725,京东方A(000725)龙虎榜数据(05-29),交易所2026年5月29日公布的交易公开信息显示，京东方A因成为日跌幅偏离值达到7%的前5只证券上榜。京东方A当日收报5.11元，涨跌幅-10.04%，偏离值-8.10%，换手率9.98%，成交额191.36亿。 免责声明：本文基于AI生产，仅供参考，不构成任何投资建议，据此操作风险自担,eastmoney,news,http://stock.eastmoney.com/a/202605293754465148.html,2026-05-29,2026-06-06 05:38:45.545096+00:00
154,000725,午后异动！000725触及涨停,5月22日，京东方A（000725）午后快速上涨，截至发稿股价触及涨停，报5.16元/股，成交额超247亿元，最新市值为1911亿元。,eastmoney,news,http://finance.eastmoney.com/a/202605223746615279.html,2026-05-22,2026-06-06 05:38:45.545096+00:00
155,000725,000725，一字板！紧急澄清！,5月21日，京东方A（000725）开盘即“一字”涨停，截至收盘，该股报4.69元/股，涨停板上封单近1700万手。 　　20日晚间，京东方A公告称，公司于北京时间5月20日与Corning Incorporated（以下简称“康宁公司”）签署了合作备忘录。,eastmoney,news,http://finance.eastmoney.com/a/202605213745505883.html,2026-05-21,2026-06-06 05:38:45.545096+00:00
156,000725,成交额第一！000725，午后再爆发！,京东方A（000725）22日午后强势拉升，盘中再度涨停，但随后涨停板被多次打开。截至发稿，该股报5.15元/股，成交额超280亿元，目前位居A股成交额首位。,eastmoney,news,http://finance.eastmoney.com/a/202605223746653315.html,2026-05-22,2026-06-06 05:38:45.545096+00:00
157,000725,1808万手封板！000725，涨停！,【导读】券商板块异动拉升，玻璃基板、海运、电子元器件等板块涨幅居前 　　一起来看下最新的市场情况及资讯。 　　5月21日早盘，A股三大指数集体走高，截至发稿，沪指涨0.57%，深成指涨1.46%，创业板指涨1.60%，科创综指涨0.59%。 　　从板块看，券商板块异动拉升，玻璃基板,eastmoney,news,http://finance.eastmoney.com/a/202605213744702432.html,2026-05-21,2026-06-06 05:38:45.545096+00:00
158,000725,京东方A(000725)龙虎榜数据(05-22),交易所2026年5月22日公布的交易公开信息显示，京东方A因成为日涨幅偏离值达到7%的前5只证券、日振幅值达到15%的前5只证券、连续三个交易日内，涨幅偏离值累计达到20%的证券上榜。京东方A当日收报5.16元，涨跌幅10.02%，偏离值7.77%，换手率16.54%，成交额291.63,eastmoney,news,http://stock.eastmoney.com/a/202605223746727019.html,2026-05-22,2026-06-06 05:38:45.545096+00:00
159,000725,近1700万手封单！000725，一字涨停！,5月21日，京东方A（000725）开盘即“一字”涨停，截至发稿，该股报4.69元/股，涨停板上封单近1700万手。 　　20日晚间，京东方A公告称，公司于北京时间5月20日与Corning Incorporated（以下简称“康宁公司”）签署了合作备忘录。,eastmoney,news,http://finance.eastmoney.com/a/202605213744695383.html,2026-05-21,2026-06-06 05:38:45.545096+00:00
160,000725,京东方A(000725)龙虎榜数据(05-21),交易所2026年5月21日公布的交易公开信息显示，京东方A因成为日涨幅偏离值达到7%的前5只证券上榜。京东方A当日收报4.69元，涨跌幅10.09%，偏离值12.40%，换手率2.85%，成交额48.59亿。 免责声明：本文基于AI生产，仅供参考，不构成任何投资建议，据此操作风险自担,eastmoney,news,http://stock.eastmoney.com/a/202605213745224351.html,2026-05-21,2026-06-06 05:38:45.545096+00:00
161,000725,000725，罕见涨停！公司最新公告：与英伟达暂未开展业务合作！,5月21日，在大盘出现调整的背景下，京东方Ａ(000725)却罕见涨停。截至全天收盘，京东方A收于4.69元/股，涨幅为10.09%。 　　5月20日，京东方Ａ与Corning Incorporated（以下简称“康宁公司”）签署了合作备忘录（以下简称“备忘录”）。,eastmoney,news,http://finance.eastmoney.com/a/202605213745539650.html,2026-05-21,2026-06-06 05:38:45.545096+00:00
162,000725,罕见，000725，千万手封死涨停！玻璃基板，最新概念股出炉,京东方A涨停封单超千万手 　　5月21日早盘，京东方A（000725）开盘“一字”涨停。截至上午收盘，该股报收4.69元，上涨10.09%，市值超过1700亿元，涨停板上封单近1400万手。 　　消息面上，5月20日晚，京东方A公告称，公司与康宁公司签署了合作备忘录。,eastmoney,news,http://finance.eastmoney.com/a/202605213744752225.html,2026-05-21,2026-06-06 05:38:45.545096+00:00
163,000725,京东方A(000725.SZ)：与康宁签署合作备忘录，围绕玻璃基封装载板、钙钛矿等四领域展开合作,2026年5月20日，京东方科技集团股份有限公司（000725.SZ）发布公告称，公司于北京时间2026年5月20日与康宁公司（Corning Incorporated）签署合作备忘录，双方将围绕玻璃基封装载板、可折叠玻璃、钙钛矿玻璃基板、光互连相关应用等重点领域开展合作，共同探索具有商业潜力的技术与市场机会,eastmoney,news,http://finance.eastmoney.com/a/202605213744661333.html,2026-05-21,2026-06-06 05:38:45.545096+00:00
164,000725,京东方A：2026年行业内第8.6代OLED产线陆续开始量产,京东方Ａ(000725.SZ)发布投资者关系活动记录表公告，OLED产品方面，伴随2025年以来存储涨价影响，根据咨询机构预计，2026年终端需求承压，柔性AMOLED在手机领域增长节奏放缓。与此同时行业内LTPO、折叠等高端产品出货占比预计在海外高端品牌的带动下持续上涨。,eastmoney,news,http://finance.eastmoney.com/a/202606043760524279.html,2026-06-04,2026-06-06 05:38:45.545096+00:00
165,000725,6月4日龙虎榜净买入额前10个股,南财智讯6月4日电，盘后数据显示，因当日异动登上龙虎榜的个股中，资金净买入最多的前三位分别是京东方A(000725.SZ)、通鼎互联(002491.SZ)与中船特气(688146.SH)。其中排名第一的京东方A净买额达14.73亿元，占总成交金额的7.38%。,eastmoney,news,http://finance.eastmoney.com/a/202606043760484351.html,2026-06-04,2026-06-06 05:38:45.545096+00:00
166,000725,京东方A：玻璃基封装载板试验线良率尚未达到量产水平,人民财讯6月4日电，京东方A(000725)6月3日在机构调研时表示，公司于2024年投资9.93亿元建设玻璃基封装载板试验线。目前已给部分国内客户送样，部分客户已通过概念认证，并进入技术测试阶段。,eastmoney,news,http://finance.eastmoney.com/a/202606043759653164.html,2026-06-04,2026-06-06 05:38:45.545096+00:00
167,000725,京东方A(000725.SZ)：2026年一季报净利润为17.07亿元、同比较去年同期上涨5.78%,2026年4月30日，京东方A(000725.SZ)发布2026年一季报。 　　公司营业总收入为510.01亿元，在已披露的同业公司中排名第1，较去年同报告期营业总收入增加4.02亿元，实现3年连续上涨，同比较去年同期上涨0.80%。,eastmoney,news,http://finance.eastmoney.com/a/202604303725754138.html,2026-04-30,2026-06-06 05:38:45.545096+00:00
168,000725,京东方A：8.6代AMOLED生产线预计2026年年中实现量产,京东方A（000725）发布公告，公司于2026年6月3日接受特定对象调研，参会投资机构共68家。 　　公告指出，公司布局玻璃基封装载板，是根据“第N曲线”理论指导下的“屏之物联”战略，公司通过相关能力的复用，布局玻璃基封装载板作为未来业务发展的重要方向之一。,eastmoney,news,http://finance.eastmoney.com/a/202606043760155046.html,2026-06-04,2026-06-06 05:38:45.545096+00:00
169,000725,深股通现身19只个股龙虎榜,6月4日深股通专用席位上榜龙虎榜个股 　　 代码 简称 深股通专用席位净买入（万元） 当日涨跌幅（%） 当日换手率（%） 000725 京东方A 65412.64 10.02 9.14 001309 德明利 55953.09 10.00 11.88 002491 通鼎互联 18302.67,eastmoney,news,http://finance.eastmoney.com/a/202606043760676797.html,2026-06-04,2026-06-06 05:38:45.545096+00:00
170,000725,2000亿元市值巨头，涨停,今日早盘，玻璃基板概念再度活跃，京东方A（000725）涨停，截至发稿报6.15元/股，总市值超2200亿元。,eastmoney,news,http://finance.eastmoney.com/a/202606043760181755.html,2026-06-04,2026-06-06 05:38:45.545096+00:00
171,000725,018-2026年6月4日投资者关系活动记录表,,cninfo,announcement,https://www.cninfo.com.cn/new/disclosure/detail?annoId=1225351885,2026-06-04,2026-06-06 05:38:45.545096+00:00
172,000725,017-2026年6月3日投资者关系活动记录表,,cninfo,announcement,https://www.cninfo.com.cn/new/disclosure/detail?annoId=1225350309,2026-06-03,2026-06-06 05:38:45.545096+00:00
173,000725,关于回购公司股份的进展公告,,cninfo,announcement,https://www.cninfo.com.cn/new/disclosure/detail?annoId=1225341955,2026-06-02,2026-06-06 05:38:45.545096+00:00
174,000725,关于向2026年限制性股票激励计划激励对象首次授予限制性股票的公告,,cninfo,announcement,https://www.cninfo.com.cn/new/disclosure/detail?annoId=1225338052,2026-05-30,2026-06-06 05:38:45.545096+00:00
175,000725,第十一届董事会第十五次会议决议公告,,cninfo,announcement,https://www.cninfo.com.cn/new/disclosure/detail?annoId=1225338051,2026-05-30,2026-06-06 05:38:45.545096+00:00
176,000725,中信建投证券股份有限公司关于京东方科技集团股份有限公司2026年限制性股票激励计划首次授予相关事项之独立财务顾问报告,,cninfo,announcement,https://www.cninfo.com.cn/new/disclosure/detail?annoId=1225338050,2026-05-30,2026-06-06 05:38:45.545096+00:00
177,000725,北京市竞天公诚律师事务所关于京东方科技集团股份有限公司2026年限制性股票激励计划调整及首次授予事项的法律意见书,,cninfo,announcement,https://www.cninfo.com.cn/new/disclosure/detail?annoId=1225338049,2026-05-30,2026-06-06 05:38:45.545096+00:00
178,000725,董事会提名薪酬考核委员会关于公司2026年限制性股票激励计划调整及首次授予事项的核查意见,,cninfo,announcement,https://www.cninfo.com.cn/new/disclosure/detail?annoId=1225338048,2026-05-30,2026-06-06 05:38:45.545096+00:00
179,000725,关于调整2026年限制性股票激励计划激励对象名单及授予权益数量的公告,,cninfo,announcement,https://www.cninfo.com.cn/new/disclosure/detail?annoId=1225338047,2026-05-30,2026-06-06 05:38:45.545096+00:00
180,000725,关于回购股份方案实施完毕暨回购实施结果的公告,,cninfo,announcement,https://www.cninfo.com.cn/new/disclosure/detail?annoId=1225338046,2026-05-30,2026-06-06 05:38:45.545096+00:00
