id,code,report_date,report_type,total_revenue,net_profit,revenue_growth,profit_growth,total_assets,total_liabilities,net_assets,roe,eps,bps,gross_margin,net_margin,debt_ratio,created_at
9,000011,2026-03-31,一季报,556225443.63,-30085323.99,,,15058538739.40,11857914926.17,0.00,0.0000,-0.0457,0.0000,12.8700,0.0000,78.7500,2026-06-05 20:21:30.202569+00:00
10,000011,2025-12-31,年报,2383288250.02,4693347.66,,,15428127953.74,12193882036.67,0.00,0.0000,0.0569,0.0000,27.1100,0.2000,79.0400,2026-06-05 20:21:30.202569+00:00
11,000011,2025-09-30,三季报,1715772065.73,26059328.50,,,15304195742.46,12048097355.29,0.00,0.0000,0.0541,0.0000,25.0400,1.5200,78.7200,2026-06-05 20:21:30.202569+00:00
12,000011,2025-06-30,中报,1087908935.87,10075661.93,,,16639099914.24,13399036580.49,0.00,0.0000,0.0242,0.0000,25.2200,0.9300,80.5300,2026-06-05 20:21:30.202569+00:00
13,000028,2026-03-31,一季报,17823409770.31,305160963.77,,,49123776186.09,27211072608.60,0.00,0.0000,0.5200,0.0000,9.9600,1.7100,55.3900,2026-06-05 20:21:30.202569+00:00
14,000028,2025-12-31,年报,73415858423.13,1128348677.76,,,49096270979.03,27471786425.52,0.00,0.0000,2.0400,0.0000,10.6800,1.5400,55.9500,2026-06-05 20:21:30.202569+00:00
15,000028,2025-09-30,三季报,55124490690.34,1019397384.05,,,50558862580.68,29013188938.82,0.00,0.0000,1.7200,0.0000,10.4900,1.8500,57.3800,2026-06-05 20:21:30.202569+00:00
16,000028,2025-06-30,中报,36796598397.42,712593802.45,,,50426135786.96,29175713861.92,0.00,0.0000,1.2000,0.0000,10.6900,1.9400,57.8600,2026-06-05 20:21:30.202569+00:00
21,000004,2026-03-31,一季报,16622745.12,-3964096.78,,,344260967.71,229169792.13,0.00,0.0000,-0.0483,0.0000,80.0000,0.0000,66.5700,2026-06-05 20:22:51.749770+00:00
22,000004,2025-12-31,年报,176957354.87,14756501.90,,,411739216.17,292173943.81,0.00,0.0000,0.0490,0.0000,80.9600,8.3400,70.9600,2026-06-05 20:22:51.749770+00:00
23,000004,2025-09-30,三季报,51022417.04,-34311085.69,,,260545606.82,216301546.14,0.00,0.0000,-0.2046,0.0000,69.5400,0.0000,83.0200,2026-06-05 20:22:51.749770+00:00
24,000004,2025-06-30,中报,28502549.23,-44093296.57,,,279756462.34,249050683.96,0.00,0.0000,-0.3161,0.0000,57.4900,0.0000,89.0200,2026-06-05 20:22:51.749770+00:00
25,000006,2026-03-31,一季报,525203370.71,13735264.49,,,16081914709.07,9922628043.30,0.00,0.0000,0.0056,0.0000,15.6200,2.6200,61.7000,2026-06-05 20:22:51.749770+00:00
26,000006,2025-12-31,年报,2618016381.31,-35184349.28,,,16377088278.76,10241536877.48,0.00,0.0000,-0.0313,0.0000,19.1000,0.0000,62.5400,2026-06-05 20:22:51.749770+00:00
27,000006,2025-09-30,三季报,2204471396.50,8574845.56,,,17269311415.81,11090000819.69,0.00,0.0000,-0.0052,0.0000,18.5400,0.3900,64.2200,2026-06-05 20:22:51.749770+00:00
28,000006,2025-06-30,中报,1882706883.06,-72496827.47,,,16097408845.98,10479169922.89,0.00,0.0000,-0.0526,0.0000,16.3200,0.0000,65.1000,2026-06-05 20:22:51.749770+00:00
29,000007,2026-03-31,一季报,123755254.21,-3136867.94,,,341817371.35,149715266.34,0.00,0.0000,-0.0063,0.0000,9.4800,0.0000,43.8000,2026-06-05 20:25:56.613423+00:00
30,000007,2025-12-31,年报,395737287.76,628258.57,,,375744704.55,180420072.10,0.00,0.0000,0.0056,0.0000,12.3700,0.1600,48.0200,2026-06-05 20:25:56.613423+00:00
31,000007,2025-09-30,三季报,299846720.85,2464048.62,,,370543176.50,173464010.78,0.00,0.0000,0.0099,0.0000,11.3200,0.8200,46.8100,2026-06-05 20:25:56.613423+00:00
32,000007,2025-06-30,中报,193380855.42,2834952.11,,,315521517.91,121134129.88,0.00,0.0000,0.0098,0.0000,10.9300,1.4700,38.3900,2026-06-05 20:25:56.613423+00:00
33,000008,2026-03-31,一季报,240894658.01,-31131475.11,,,8376368278.41,6129047670.96,0.00,0.0000,-0.0112,0.0000,32.3300,0.0000,73.1700,2026-06-05 20:25:56.613423+00:00
34,000008,2025-12-31,年报,2120399134.77,-834941078.12,,,8718108829.55,6440810763.29,0.00,0.0000,-0.3075,0.0000,27.0000,0.0000,73.8800,2026-06-05 20:25:56.613423+00:00
35,000008,2025-09-30,三季报,1136467839.10,-88707088.78,,,9110247697.14,6090827881.12,0.00,0.0000,-0.0321,0.0000,27.1700,0.0000,66.8600,2026-06-05 20:25:56.613423+00:00
36,000008,2025-06-30,中报,572188981.51,-95175588.92,,,9225173679.54,6216217980.01,0.00,0.0000,-0.0350,0.0000,30.2100,0.0000,67.3800,2026-06-05 20:25:56.613423+00:00
37,000009,2026-03-31,一季报,5822809313.66,262312871.35,,,58318402807.42,35105649903.71,0.00,0.0000,0.0068,0.0000,25.0000,4.5000,60.2000,2026-06-05 20:25:56.613423+00:00
38,000009,2025-12-31,年报,23036275300.70,1350316848.00,,,56856587520.06,33990849197.09,0.00,0.0000,0.0787,0.0000,25.8200,5.8600,59.7800,2026-06-05 20:25:56.613423+00:00
39,000009,2025-09-30,三季报,16812458333.93,1318915652.14,,,56579430334.81,33714219247.08,0.00,0.0000,0.1098,0.0000,26.5700,7.8400,59.5900,2026-06-05 20:25:56.613423+00:00
40,000009,2025-06-30,中报,10839305325.03,842582575.04,,,56049197114.55,33664594000.16,0.00,0.0000,0.0945,0.0000,27.7600,7.7700,60.0600,2026-06-05 20:25:56.613423+00:00
41,000010,2026-03-31,一季报,105592241.59,32055011.10,,,2655825759.40,2305874470.14,0.00,0.0000,0.0235,0.0000,8.2800,30.3600,86.8200,2026-06-05 20:25:56.613423+00:00
42,000010,2025-12-31,年报,634211930.55,-22874055.97,,,2685186750.21,2367290472.04,0.00,0.0000,-0.0301,0.0000,7.7600,0.0000,88.1600,2026-06-05 20:25:56.613423+00:00
43,000010,2025-09-30,三季报,424681371.63,-30518743.44,,,2719410749.29,2348157917.70,0.00,0.0000,-0.0278,0.0000,7.9500,0.0000,86.3500,2026-06-05 20:25:56.613423+00:00
44,000010,2025-06-30,中报,230158736.92,-58308711.31,,,2787056114.80,2447515613.58,0.00,0.0000,-0.0423,0.0000,10.6800,0.0000,87.8200,2026-06-05 20:25:56.613423+00:00
45,000012,2026-03-31,一季报,2990246615.00,-103486096.00,,,31689536306.00,18251073666.00,0.00,0.0000,-0.0300,0.0000,11.0200,0.0000,57.5900,2026-06-05 20:25:56.613423+00:00
46,000012,2025-12-31,年报,13718969008.00,105334139.00,,,31305028835.00,17750341253.00,0.00,0.0000,0.0400,0.0000,14.6100,0.7700,56.7000,2026-06-05 20:25:56.613423+00:00
47,000012,2025-09-30,三季报,10424014383.00,139163051.00,,,31269652989.00,17564570233.00,0.00,0.0000,0.0500,0.0000,13.8800,1.3400,56.1700,2026-06-05 20:25:56.613423+00:00
48,000012,2025-06-30,中报,6483562120.00,64496634.00,,,31677499152.00,18005394239.00,0.00,0.0000,0.0200,0.0000,14.5200,0.9900,56.8400,2026-06-05 20:25:56.613423+00:00
49,000014,2026-03-31,一季报,112599562.24,-6573928.66,,,2154316229.94,632961950.74,0.00,0.0000,-0.0351,0.0000,22.7000,0.0000,29.3800,2026-06-05 20:25:56.613423+00:00
50,000014,2025-12-31,年报,310141261.81,-149606375.00,,,2519339011.08,707344435.29,0.00,0.0000,-0.6200,0.0000,-1.1700,0.0000,28.0800,2026-06-05 20:25:56.613423+00:00
51,000014,2025-09-30,三季报,20858885.51,-32480481.69,,,2318474541.63,675562683.12,0.00,0.0000,-0.1331,0.0000,21.4800,0.0000,29.1400,2026-06-05 20:25:56.613423+00:00
52,000014,2025-06-30,中报,14287171.97,-19143110.54,,,2326176150.54,669926920.88,0.00,0.0000,-0.0800,0.0000,28.5800,0.0000,28.8000,2026-06-05 20:25:56.613423+00:00
53,000016,2026-03-31,一季报,1931598532.06,-227477814.31,,,19530551063.55,25602856776.76,0.00,0.0000,-0.0763,0.0000,5.9900,0.0000,131.0900,2026-06-05 20:25:56.613423+00:00
54,000016,2025-12-31,年报,9835474916.53,-12237613519.85,,,22350904261.25,28211299370.27,0.00,0.0000,-5.2254,0.0000,4.1200,0.0000,126.2200,2026-06-05 20:25:56.613423+00:00
55,000016,2025-09-30,三季报,7678970721.21,-1176995413.93,,,30258429783.16,30077346186.01,0.00,0.0000,-0.4076,0.0000,4.6100,0.0000,99.4000,2026-06-05 20:25:56.613423+00:00
56,000016,2025-06-30,中报,5247507849.27,-497119077.09,,,30982927325.42,30192712793.83,0.00,0.0000,-0.1592,0.0000,5.0400,0.0000,97.4500,2026-06-05 20:25:56.613423+00:00
57,000017,2026-03-31,一季报,132098160.77,6090279.71,,,499060896.05,93596829.56,0.00,0.0000,0.0089,0.0000,10.7400,4.6100,18.7500,2026-06-05 20:25:56.613423+00:00
58,000017,2025-12-31,年报,735877268.75,41395980.87,,,478004242.28,84124332.40,0.00,0.0000,0.0597,0.0000,10.5900,5.6300,17.6000,2026-06-05 20:25:56.613423+00:00
59,000017,2025-09-30,三季报,577674163.42,31349675.82,,,466516810.72,82464884.62,0.00,0.0000,0.0449,0.0000,9.6900,5.4300,17.6800,2026-06-05 20:25:56.613423+00:00
60,000017,2025-06-30,中报,319943616.63,18925199.69,,,496231122.82,124626562.12,0.00,0.0000,0.0269,0.0000,10.8900,5.9200,25.1100,2026-06-05 20:25:56.613423+00:00
61,000019,2026-03-31,一季报,1159515736.18,64800462.31,,,7482307574.73,2427104387.18,0.00,0.0000,0.0563,0.0000,16.9000,5.5900,32.4400,2026-06-05 20:25:56.613423+00:00
62,000019,2025-12-31,年报,5505279622.35,243257844.62,,,7372342349.32,2381846079.24,0.00,0.0000,0.2110,0.0000,16.0200,4.4200,32.3100,2026-06-05 20:25:56.613423+00:00
63,000019,2025-09-30,三季报,3918475506.66,243433553.04,,,7011856578.62,2021139400.04,0.00,0.0000,0.2113,0.0000,16.9100,6.2100,28.8200,2026-06-05 20:25:56.613423+00:00
64,000019,2025-06-30,中报,2384227437.90,175978271.28,,,7058637412.85,2134299676.54,0.00,0.0000,0.1527,0.0000,18.5400,7.3800,30.2400,2026-06-05 20:25:56.613423+00:00
65,000020,2026-03-31,一季报,152710107.91,5203101.09,,,700405582.19,256102610.07,0.00,0.0000,0.0184,0.0000,12.4300,3.4100,36.5600,2026-06-05 20:25:56.613423+00:00
66,000020,2025-12-31,年报,857889252.84,35440863.10,,,719475048.61,280375177.58,0.00,0.0000,0.1252,0.0000,11.0700,4.1300,38.9700,2026-06-05 20:25:56.613423+00:00
67,000020,2025-09-30,三季报,682950220.46,21266931.43,,,753231361.36,328305422.00,0.00,0.0000,0.0751,0.0000,12.2600,3.1100,43.5900,2026-06-05 20:25:56.613423+00:00
68,000020,2025-06-30,中报,456179344.73,14339974.11,,,745729920.18,327730938.14,0.00,0.0000,0.0506,0.0000,11.9600,3.1400,43.9500,2026-06-05 20:25:56.613423+00:00
69,000021,2026-03-31,一季报,3723775220.39,287997571.16,,,28460594610.19,11863198800.65,0.00,0.0000,0.1539,0.0000,17.0700,7.7300,41.6800,2026-06-05 20:25:56.613423+00:00
70,000021,2025-12-31,年报,15747393092.50,1447946425.00,,,26697828506.61,10409539045.51,0.00,0.0000,0.7252,0.0000,18.3200,9.1900,38.9900,2026-06-05 20:25:56.613423+00:00
71,000021,2025-09-30,三季报,11277843807.83,988544343.71,,,27556890716.63,11708669150.82,0.00,0.0000,0.4833,0.0000,16.9100,8.7700,42.4900,2026-06-05 20:25:56.613423+00:00
72,000021,2025-06-30,中报,7739652636.54,600230676.48,,,28824991732.60,13469159225.86,0.00,0.0000,0.2893,0.0000,15.7500,7.7600,46.7300,2026-06-05 20:25:56.613423+00:00
73,000025,2026-03-31,一季报,180492862.07,34527474.79,,,2654231682.84,623584361.51,0.00,0.0000,0.0772,0.0000,35.2600,19.1300,23.4900,2026-06-05 20:25:56.613423+00:00
74,000025,2025-12-31,年报,1461603400.53,141499706.81,,,2650158442.53,654038595.99,0.00,0.0000,0.3314,0.0000,17.0700,9.6800,24.6800,2026-06-05 20:25:56.613423+00:00
75,000025,2025-09-30,三季报,1166873659.48,118590875.20,,,2650920581.07,677709566.14,0.00,0.0000,0.2867,0.0000,17.5300,10.1600,25.5700,2026-06-05 20:25:56.613423+00:00
76,000025,2025-06-30,中报,878272629.94,81630658.94,,,2725442964.28,789192165.61,0.00,0.0000,0.1949,0.0000,16.1200,9.2900,28.9600,2026-06-05 20:25:56.613423+00:00
77,000026,2026-03-31,一季报,989349187.28,65077487.81,,,3766147189.14,368202361.18,0.00,0.0000,0.1604,0.0000,34.4500,6.5800,9.7800,2026-06-05 20:25:56.613423+00:00
78,000026,2025-12-31,年报,3508487911.40,87317829.63,,,3733401610.34,396861447.89,0.00,0.0000,0.2153,0.0000,35.5200,2.4900,10.6300,2026-06-05 20:25:56.613423+00:00
79,000026,2025-09-30,三季报,2674959897.13,125018278.31,,,3916579397.97,539597152.70,0.00,0.0000,0.3083,0.0000,35.8800,4.6700,13.7800,2026-06-05 20:25:56.613423+00:00
80,000026,2025-06-30,中报,1784131937.23,82445500.03,,,3878686383.99,545076700.60,0.00,0.0000,0.2034,0.0000,35.5500,4.6200,14.0500,2026-06-05 20:25:56.613423+00:00
81,000027,2026-03-31,一季报,9949902840.31,1638076853.39,,,174884746004.36,106497619410.37,0.00,0.0000,0.2500,0.0000,27.3900,16.4600,60.9000,2026-06-05 20:25:56.613423+00:00
82,000027,2025-12-31,年报,43429622180.48,3075414009.31,,,171946254277.20,106592653892.83,0.00,0.0000,0.3100,0.0000,20.6700,7.0800,61.9900,2026-06-05 20:25:56.613423+00:00
83,000027,2025-09-30,三季报,32439749870.04,2833360691.13,,,170982412694.22,105757651312.18,0.00,0.0000,0.3555,0.0000,22.9100,8.7300,61.8500,2026-06-05 20:25:56.613423+00:00
84,000027,2025-06-30,中报,21139145394.23,2238276517.36,,,169724566880.22,104997053793.55,0.00,0.0000,0.3400,0.0000,23.3400,10.5900,61.8600,2026-06-05 20:25:56.613423+00:00
85,000029,2026-03-31,一季报,67383890.02,-4137086.24,,,3859715043.13,388429781.33,0.00,0.0000,-0.0039,0.0000,17.6800,0.0000,10.0600,2026-06-05 20:25:56.613423+00:00
86,000029,2025-12-31,年报,1482872299.36,99553068.60,,,3882782985.57,413303786.37,0.00,0.0000,0.0988,0.0000,27.8600,6.7100,10.6400,2026-06-05 20:25:56.613423+00:00
87,000029,2025-09-30,三季报,898853082.45,144036488.81,,,5210649236.93,1664443483.32,0.00,0.0000,0.1434,0.0000,27.1300,16.0200,31.9400,2026-06-05 20:25:56.613423+00:00
88,000029,2025-06-30,中报,637366221.35,102211870.41,,,5409969607.96,1905572820.06,0.00,0.0000,0.1018,0.0000,27.2400,16.0400,35.2200,2026-06-05 20:25:56.613423+00:00
89,000030,2026-03-31,一季报,3751777940.11,143384126.03,,,19690209602.77,9404037293.98,0.00,0.0000,0.0700,0.0000,10.7800,3.8200,47.7600,2026-06-05 20:25:56.613423+00:00
90,000030,2025-12-31,年报,17410397362.62,939635981.75,,,20016233831.85,9869837021.82,0.00,0.0000,0.4100,0.0000,12.4400,5.4000,49.3100,2026-06-05 20:25:56.613423+00:00
91,000030,2025-09-30,三季报,12142924440.15,584079892.91,,,18863204176.25,9062075700.81,0.00,0.0000,0.2557,0.0000,11.4500,4.8100,48.0400,2026-06-05 20:25:56.613423+00:00
92,000030,2025-06-30,中报,7856858122.27,398177580.50,,,18091822649.44,8509154505.56,0.00,0.0000,0.1767,0.0000,11.4200,5.0700,47.0300,2026-06-05 20:25:56.613423+00:00
93,000031,2026-03-31,一季报,7501585016.88,47628312.23,,,151838922290.54,116522576860.15,0.00,0.0000,-0.0500,0.0000,24.1700,0.6300,76.7400,2026-06-05 20:25:56.613423+00:00
94,000031,2025-12-31,年报,30892372928.84,-2223310273.32,,,157016387023.65,121329074080.09,0.00,0.0000,-0.5500,0.0000,31.8000,0.0000,77.2700,2026-06-05 20:25:56.613423+00:00
95,000031,2025-09-30,三季报,20647692779.68,129279955.16,,,167278325264.09,126113552977.76,0.00,0.0000,-0.1200,0.0000,35.5800,0.6300,75.3900,2026-06-05 20:25:56.613423+00:00
96,000031,2025-06-30,中报,15231451986.15,747624512.49,,,169389126120.97,127368571699.97,0.00,0.0000,0.0300,0.0000,36.3500,4.9100,75.1900,2026-06-05 20:25:56.613423+00:00
97,000032,2026-03-31,一季报,12813395816.39,-57575110.37,,,73308533053.36,60015386703.12,0.00,0.0000,-0.0678,0.0000,6.6400,0.0000,81.8700,2026-06-05 20:25:56.613423+00:00
98,000032,2025-12-31,年报,49170356917.15,128484685.04,,,73045450627.68,59706244780.51,0.00,0.0000,-0.1117,0.0000,9.7100,0.2600,81.7400,2026-06-05 20:25:56.613423+00:00
99,000032,2025-09-30,三季报,33018544969.16,-265991369.78,,,67215083222.08,55374088248.30,0.00,0.0000,-0.2626,0.0000,8.0000,0.0000,82.3800,2026-06-05 20:25:56.613423+00:00
100,000032,2025-06-30,中报,23434208172.61,23329148.30,,,67907205916.92,55890423801.18,0.00,0.0000,-0.0857,0.0000,9.2100,0.1000,82.3000,2026-06-05 20:25:56.613423+00:00
101,000034,2026-03-31,一季报,40557142015.74,255406346.69,,,56061255922.07,44029600032.97,0.00,0.0000,0.3358,0.0000,3.3700,0.6300,78.5400,2026-06-05 20:25:56.613423+00:00
102,000034,2025-12-31,年报,143751044503.13,558762965.03,,,57149969452.25,45358008559.85,0.00,0.0000,0.7711,0.0000,3.4000,0.3900,79.3700,2026-06-05 20:25:56.613423+00:00
103,000034,2025-09-30,三季报,102365346044.23,697576321.52,,,50371324408.40,38471053455.31,0.00,0.0000,0.9941,0.0000,3.5500,0.6800,76.3700,2026-06-05 20:25:56.613423+00:00
104,000034,2025-06-30,中报,71585506815.36,450952318.81,,,48445522968.47,36868223718.42,0.00,0.0000,0.6382,0.0000,3.4900,0.6300,76.1000,2026-06-05 20:25:56.613423+00:00
105,000035,2026-03-31,一季报,1162062941.09,121066866.85,,,32370590117.48,21406185042.52,0.00,0.0000,0.0500,0.0000,36.5900,10.4200,66.1300,2026-06-05 20:25:56.613423+00:00
106,000035,2025-12-31,年报,5283464987.58,295455537.43,,,32067826798.82,21114168247.40,0.00,0.0000,0.1200,0.0000,29.1700,5.5900,65.8400,2026-06-05 20:25:56.613423+00:00
107,000035,2025-09-30,三季报,3942265178.09,326600615.48,,,32407606012.26,21264466534.01,0.00,0.0000,0.1300,0.0000,31.6200,8.2800,65.6200,2026-06-05 20:25:56.613423+00:00
108,000035,2025-06-30,中报,2576771813.52,215034456.66,,,31876582304.10,20858574973.59,0.00,0.0000,0.0900,0.0000,30.8800,8.3500,65.4400,2026-06-05 20:25:56.613423+00:00
17,000002,2026-03-31,一季报,28927889365.26,-6091604755.82,,,997406724022.05,769344739328.43,0.00,0.0000,-0.4989,0.0000,9.1500,0.0000,77.1300,2026-06-05 20:22:51.749770+00:00
18,000002,2025-12-31,年报,233432768960.43,-91810091101.49,,,1020622831532.86,784762773496.17,0.00,0.0000,-7.4453,0.0000,9.4600,0.0000,76.8900,2026-06-05 20:22:51.749770+00:00
19,000002,2025-09-30,三季报,161388415447.04,-28236658916.01,,,1136594565755.29,835564493176.11,0.00,0.0000,-2.3578,0.0000,9.5800,0.0000,73.5100,2026-06-05 20:22:51.749770+00:00
20,000002,2025-06-30,中报,105323304409.14,-10864982511.25,,,1194148874774.55,872988331813.49,0.00,0.0000,-1.0075,0.0000,9.9700,0.0000,73.1100,2026-06-05 20:22:51.749770+00:00
161,000001,2025-03-31,一季报,33709000000.00,14096000000.00,,,5777858000000.00,5271746000000.00,506112000000.00,2.7900,0.6200,0.0000,0.0000,41.8200,91.2400,2026-06-06 04:14:53.607898+00:00
162,000001,2024-12-31,年报,146695000000.00,44508000000.00,,,5769270000000.00,5274428000000.00,494842000000.00,8.9900,2.1500,0.0000,0.0000,30.3400,91.4200,2026-06-06 04:14:53.607898+00:00
163,000001,2024-09-30,三季报,111582000000.00,39729000000.00,,,5745988000000.00,5255519000000.00,490469000000.00,8.1000,1.9400,0.0000,0.0000,35.6100,91.4600,2026-06-06 04:14:53.607898+00:00
164,000001,2024-06-30,中报,77132000000.00,25879000000.00,,,5754033000000.00,5272164000000.00,481869000000.00,5.3700,1.2300,0.0000,0.0000,33.5500,91.6300,2026-06-06 04:14:53.607898+00:00
165,000725,2026-03-31,一季报,51001263370.00,1707220076.00,,,437705366743.00,227239362857.00,136096934128.00,1.2500,0.0500,0.0000,15.6000,3.3500,51.9200,2026-06-06 05:37:17.545384+00:00
166,000725,2025-12-31,年报,204590222888.00,5856966754.00,,,436378322803.00,228902566070.00,134478628806.00,4.3600,0.1600,0.0000,15.6400,2.8600,52.4600,2026-06-06 05:37:17.545384+00:00
167,000725,2025-09-30,三季报,154547999525.00,4601497094.00,,,430745273396.00,225822940197.00,133789154205.00,3.4400,0.1200,0.0000,14.4200,2.9800,52.4300,2026-06-06 05:37:17.545384+00:00
168,000725,2025-06-30,中报,101278182135.00,3246885779.00,,,425801431370.00,222564527441.00,132991322618.00,2.4400,0.0900,0.0000,14.4100,3.2100,52.2700,2026-06-06 05:37:17.545384+00:00
113,300197,2026-03-31,一季报,193616491.33,-121340977.39,,,24413424585.66,23528584568.42,561785651.04,-21.6000,-0.0468,0.0000,6.8800,-62.6700,96.3800,2026-06-06 04:02:16.597770+00:00
114,300197,2025-12-31,年报,900385470.19,-2074947622.05,,,24679059976.24,23659300469.41,687437715.73,-301.8400,-0.7234,0.0000,-53.9000,-230.4500,95.8700,2026-06-06 04:02:16.597770+00:00
115,300197,2025-09-30,三季报,605746643.86,-877975892.89,,,25832373493.56,23561773578.58,1902898982.09,-46.1400,-0.3138,0.0000,-40.1500,-144.9400,91.2100,2026-06-06 04:02:16.597770+00:00
116,300197,2025-06-30,中报,515627932.75,-582981378.48,,,26158214985.35,23647712722.41,2127128096.21,-27.4100,-0.2084,0.0000,-17.5100,-113.0600,90.4000,2026-06-06 04:02:16.597770+00:00
129,300197,2025-03-31,一季报,201771822.28,-154558931.43,,,27059682377.14,24117192061.34,2542943340.68,-6.0800,-0.0580,0.0000,-21.1700,-76.6000,89.1300,2026-06-06 04:12:46.155270+00:00
130,300197,2024-12-31,年报,1045939213.20,-2596250978.33,,,26839355835.30,23732489753.53,2694430571.52,-96.3600,-0.9000,0.0000,-60.8000,-248.2200,88.4200,2026-06-06 04:12:46.155270+00:00
131,300197,2024-09-30,三季报,962894427.43,-633398425.95,,,29320742974.24,24174500830.64,4639251690.07,-13.6500,-0.2313,0.0000,-5.0100,-65.7800,82.4500,2026-06-06 04:12:46.155270+00:00
132,300197,2024-06-30,中报,651872095.53,-410869881.88,,,29298224316.88,23916590658.04,4856145808.79,-8.4600,-0.1504,0.0000,-5.5100,-63.0300,81.6300,2026-06-06 04:12:46.155270+00:00
5,600519,2026-03-31,一季报,54702912385.23,27242512886.45,,,319918844905.58,38782958469.89,270894035676.27,10.0600,21.7600,0.0000,89.9100,49.8000,12.1200,2026-06-05 20:17:16.176023+00:00
6,600519,2025-12-31,年报,172054171890.91,82320067101.68,,,303834844021.44,49875590112.37,244637811032.18,33.6500,65.6600,0.0000,91.3400,47.8500,16.4200,2026-06-05 20:17:16.176023+00:00
7,600519,2025-09-30,三季报,130903889634.88,64626746712.18,,,304738184929.86,39033160057.01,257069964386.23,25.1400,51.5300,0.0000,91.4600,49.3700,12.8100,2026-06-05 20:17:16.176023+00:00
8,600519,2025-06-30,中报,91093762553.97,45402962298.10,,,292257789095.51,43122202832.76,238646536390.48,19.0300,36.1800,0.0000,91.4600,49.8400,14.7500,2026-06-05 20:17:16.176023+00:00
145,600519,2025-03-31,一季报,51443450583.77,26847474238.76,,,312368697395.05,44178362224.66,258357842676.41,10.3900,21.3800,0.0000,92.1100,52.1900,14.1400,2026-06-06 04:12:46.155270+00:00
146,600519,2024-12-31,年报,174144069958.25,86228146421.62,,,298944579918.70,56933264798.10,233105984399.47,36.9900,68.6400,0.0000,92.0800,49.5200,19.0400,2026-06-06 04:12:46.155270+00:00
147,600519,2024-09-30,三季报,123122542625.45,60827552118.51,,,286770722957.69,39082558719.52,237709455000.28,25.5900,48.4200,0.0000,91.6900,49.4000,13.6300,2026-06-06 04:12:46.155270+00:00
148,600519,2024-06-30,中报,83451164646.53,41695610983.37,,,279207261166.63,51162451517.35,218575608600.14,19.0800,33.1900,0.0000,91.9100,49.9600,18.3200,2026-06-06 04:12:46.155270+00:00
169,000725,2025-03-31,一季报,50598933939.00,1613999380.00,,,420213183470.00,212912178189.00,132544781278.00,1.2200,0.0400,0.0000,15.7700,3.1900,50.6700,2026-06-06 05:37:17.545384+00:00
170,000725,2024-12-31,年报,198380605661.00,5323248974.00,,,429978221541.00,225432049797.00,132937555308.00,4.0000,0.1400,0.0000,15.2000,2.6800,52.4300,2026-06-06 05:37:17.545384+00:00
171,000725,2024-09-30,三季报,143731526962.00,3309765650.00,,,417412481177.00,215969304305.00,132019192350.00,2.5100,0.0900,0.0000,15.1800,2.3000,51.7400,2026-06-06 05:37:17.545384+00:00
172,000725,2024-06-30,中报,93386241632.00,2284051354.00,,,422367862387.00,221844829545.00,130834067578.00,1.7500,0.0600,0.0000,14.9500,2.4500,52.5200,2026-06-06 05:37:17.545384+00:00
157,000001,2026-03-31,一季报,35277000000.00,14523000000.00,,,6033962000000.00,5489879000000.00,544083000000.00,2.6700,0.6700,0.0000,0.0000,41.1700,90.9800,2026-06-06 04:14:53.607898+00:00
158,000001,2025-12-31,年报,131442000000.00,42633000000.00,,,5925777000000.00,5374593000000.00,551184000000.00,7.7300,2.0700,0.0000,0.0000,32.4300,90.7000,2026-06-06 04:14:53.607898+00:00
159,000001,2025-09-30,三季报,100668000000.00,38339000000.00,,,5766764000000.00,5248834000000.00,517930000000.00,7.4000,1.8700,0.0000,0.0000,38.0800,91.0200,2026-06-06 04:14:53.607898+00:00
160,000001,2025-06-30,中报,69385000000.00,24870000000.00,,,5874961000000.00,5364899000000.00,510062000000.00,4.8800,1.1800,0.0000,0.0000,35.8400,91.3200,2026-06-06 04:14:53.607898+00:00
173,001896,2026-03-31,一季报,2578618186.95,29279321.96,,,33411236089.86,29098038664.77,3563214627.46,0.8200,0.0192,0.0000,8.9200,1.1400,87.0900,2026-06-06 06:00:07.544581+00:00
174,001896,2025-12-31,年报,11229867766.83,390358869.42,,,32147112791.66,27904718864.33,3508939394.15,11.1200,0.2558,0.0000,13.6900,3.4800,86.8000,2026-06-06 06:00:07.544581+00:00
175,001896,2025-09-30,三季报,8665823807.77,287732336.32,,,31802170957.24,27916476162.92,3447832658.42,8.3500,0.1886,0.0000,13.4000,3.3200,87.7800,2026-06-06 06:00:07.544581+00:00
176,001896,2025-06-30,中报,5283645072.69,103204842.65,,,31224585605.36,27584928322.11,3242219501.68,3.1800,0.0676,0.0000,11.8700,1.9500,88.3400,2026-06-06 06:00:07.544581+00:00
177,001896,2025-03-31,一季报,3033864955.16,44289115.97,,,31435580761.24,27884073155.70,3171444646.29,1.4000,0.0290,0.0000,10.0000,1.4600,88.7000,2026-06-06 06:00:07.544581+00:00
178,001896,2024-12-31,年报,12155484842.59,-121404740.96,,,31617199491.18,28144780096.26,3106761059.26,-3.9100,-0.0796,0.0000,7.1200,-1.0000,89.0200,2026-06-06 06:00:07.544581+00:00
179,001896,2024-09-30,三季报,9389475892.28,-89323476.92,,,31484708818.08,27983402323.82,3142860173.10,-2.8400,-0.0585,0.0000,7.4800,-0.9500,88.8800,2026-06-06 06:00:07.544581+00:00
180,001896,2024-06-30,中报,6136775967.50,-42875231.54,,,32064715417.47,28516933197.64,3187624436.24,-1.3500,-0.0281,0.0000,7.7400,-0.7000,88.9400,2026-06-06 06:00:07.544581+00:00
